sAddress,rAddress,sMACs,rMACs,sIPs,rIPs,protocol,startDate,endDate,start,end,startOffset,endOffset,duration,sPackets,rPackets,sBytesSum,rBytesSum,sBytesMax,rBytesMax,sBytesMin,rBytesMin,sBytesAvg,rBytesAvg,sLoad,rLoad,sPayloadSum,rPayloadSum,sPayloadMax,rPayloadMax,sPayloadMin,rPayloadMin,sPayloadAvg,rPayloadAvg,sInterPacketAvg,rInterPacketAvg,sttl,rttl,sAckRate,rAckRate,sUrgRate,rUrgRate,sFinRate,rFinRate,sPshRate,rPshRate,sSynRate,rSynRate,sRstRate,rRstRate,sWinTCP,rWinTCP,sFragmentRate,rFragmentRate,sAckDelayMax,rAckDelayMax,sAckDelayMin,rAckDelayMin,sAckDelayAvg,rAckDelayAvg,IT_B_Label,IT_M_Label,NST_B_Label,NST_M_Label
192.168.0.11,192.168.0.41,02:42:c0:a8:00:0b,02:42:c0:a8:00:29,192.168.0.11,192.168.0.41,IPV4-ICMP,2022-09-16 12:22:05.803580,2022-09-16 12:22:06.201213,1663323725.80358,1663323726.201213,4046.293243,4046.690876,0.397634,0,3,0,278,,93.0,,92.0,,92.667,0.0,5593.085,0,194,,65.0,,64.0,,64.667,,0.1988164186477661,,,,,,,,,,,,,,,,,,0.0,,,,,,,1,replay,1,replay
192.168.0.12,192.168.0.41,02:42:c0:a8:00:0c,02:42:c0:a8:00:29,192.168.0.12,192.168.0.41,IPV4-ICMP,2022-09-16 12:22:06.000432,2022-09-16 12:22:06.400245,1663323726.000432,1663323726.400245,4046.490095,4046.889908,0.399814,0,3,0,276,,92.0,,92.0,,92.0,0.0,5522.569,0,192,,64.0,,64.0,,64.0,,0.1999064683914184,,,,,,,,,,,,,,,,,,0.0,,,,,,,1,replay,1,replay
192.168.0.21,192.168.0.41,02:42:c0:a8:00:15,02:42:c0:a8:00:29,192.168.0.21,192.168.0.41,IPV4-ICMP,2022-09-16 12:22:06.515340,2022-09-16 12:22:06.515340,1663323726.51534,1663323726.51534,4047.005003,4047.005003,1e-06,0,1,0,92,,92.0,,92.0,,92.0,0.0,736000000.0,0,64,,64.0,,64.0,,64.0,,,,,,,,,,,,,,,,,,,,0.0,,,,,,,1,replay,1,replay
192.168.0.11,192.168.0.41,02:42:c0:a8:00:0b,02:42:c0:a8:00:29,192.168.0.11,192.168.0.41,IPV4-ICMP,2022-09-16 12:22:06.400497,2022-09-16 12:22:06.801757,1663323726.400497,1663323726.801757,4046.89016,4047.29142,0.401261,0,2,0,186,,93.0,,93.0,,93.0,0.0,3708.308,0,130,,65.0,,65.0,,65.0,,0.4012601375579834,,,,,,,,,,,,,,,,,,0.0,,,,,,,1,replay,1,replay
192.168.0.12,192.168.0.41,02:42:c0:a8:00:0c,02:42:c0:a8:00:29,192.168.0.12,192.168.0.41,IPV4-ICMP,2022-09-16 12:22:06.800909,2022-09-16 12:22:06.800909,1663323726.800909,1663323726.800909,4047.290572,4047.290572,1e-06,0,1,0,92,,92.0,,92.0,,92.0,0.0,736000000.0,0,64,,64.0,,64.0,,64.0,,,,,,,,,,,,,,,,,,,,0.0,,,,,,,1,replay,1,replay
192.168.0.21,192.168.0.41,02:42:c0:a8:00:15,02:42:c0:a8:00:29,192.168.0.21,192.168.0.41,IPV4-ICMP,2022-09-16 12:22:07.023021,2022-09-16 12:22:07.506303,1663323727.023021,1663323727.506303,4047.512684,4047.995966,0.483283,0,2,0,184,,92.0,,92.0,,92.0,0.0,3045.834,0,128,,64.0,,64.0,,64.0,,0.4832820892333984,,,,,,,,,,,,,,,,,,0.0,,,,,,,1,replay,1,replay
192.168.0.11,192.168.0.41,02:42:c0:a8:00:0b,02:42:c0:a8:00:29,192.168.0.11,192.168.0.41,IPV4-ICMP,2022-09-16 12:22:07.506772,2022-09-16 12:22:07.506772,1663323727.506772,1663323727.506772,4047.996435,4047.996435,1e-06,0,1,0,93,,93.0,,93.0,,93.0,0.0,744000000.0,0,65,,65.0,,65.0,,65.0,,,,,,,,,,,,,,,,,,,,0.0,,,,,,,1,replay,1,replay
192.168.0.12,192.168.0.41,02:42:c0:a8:00:0c,02:42:c0:a8:00:29,192.168.0.12,192.168.0.41,IPV4-ICMP,2022-09-16 12:22:07.514713,2022-09-16 12:22:07.514713,1663323727.514713,1663323727.514713,4048.004376,4048.004376,1e-06,0,1,0,93,,93.0,,93.0,,93.0,0.0,744000000.0,0,65,,65.0,,65.0,,65.0,,,,,,,,,,,,,,,,,,,,0.0,,,,,,,1,replay,1,replay
192.168.0.21,192.168.0.41,02:42:c0:a8:00:15,02:42:c0:a8:00:29,192.168.0.21,192.168.0.41,IPV4-ICMP,2022-09-16 12:22:08.024030,2022-09-16 12:22:08.024030,1663323728.02403,1663323728.02403,4048.513693,4048.513693,1e-06,0,1,0,92,,92.0,,92.0,,92.0,0.0,736000000.0,0,64,,64.0,,64.0,,64.0,,,,,,,,,,,,,,,,,,,,0.0,,,,,,,1,replay,1,replay
192.168.0.21,192.168.0.41,02:42:c0:a8:00:15,02:42:c0:a8:00:29,192.168.0.21,192.168.0.41,IPV4-ICMP,2022-09-16 12:22:09.055461,2022-09-16 12:22:09.055461,1663323729.055461,1663323729.055461,4049.545124,4049.545124,1e-06,0,1,0,92,,92.0,,92.0,,92.0,0.0,736000000.0,0,64,,64.0,,64.0,,64.0,,,,,,,,,,,,,,,,,,,,0.0,,,,,,,1,replay,1,replay
192.168.0.11,192.168.0.41,02:42:c0:a8:00:0b,02:42:c0:a8:00:29,192.168.0.11,192.168.0.41,IPV4-ICMP,2022-09-16 12:22:08.803326,2022-09-16 12:22:08.803326,1663323728.803326,1663323728.803326,4049.292989,4049.292989,1e-06,0,1,0,92,,92.0,,92.0,,92.0,0.0,736000000.0,0,64,,64.0,,64.0,,64.0,,,,,,,,,,,,,,,,,,,,0.0,,,,,,,1,replay,1,replay
192.168.0.12,192.168.0.41,02:42:c0:a8:00:0c,02:42:c0:a8:00:29,192.168.0.12,192.168.0.41,IPV4-ICMP,2022-09-16 12:22:08.803885,2022-09-16 12:22:08.803885,1663323728.803885,1663323728.803885,4049.293548,4049.293548,1e-06,0,1,0,93,,93.0,,93.0,,93.0,0.0,744000000.0,0,65,,65.0,,65.0,,65.0,,,,,,,,,,,,,,,,,,,,0.0,,,,,,,1,replay,1,replay
192.168.0.21,192.168.0.41,02:42:c0:a8:00:15,02:42:c0:a8:00:29,192.168.0.21,192.168.0.41,IPV4-ICMP,2022-09-16 12:22:10.506578,2022-09-16 12:22:10.506578,1663323730.506578,1663323730.506578,4050.996241,4050.996241,1e-06,0,1,0,92,,92.0,,92.0,,92.0,0.0,736000000.0,0,64,,64.0,,64.0,,64.0,,,,,,,,,,,,,,,,,,,,0.0,,,,,,,1,replay,1,replay
192.168.0.12,192.168.0.41,02:42:c0:a8:00:0c,02:42:c0:a8:00:29,192.168.0.12,192.168.0.41,IPV4-ICMP,2022-09-16 12:22:11.401524,2022-09-16 12:22:11.401524,1663323731.401524,1663323731.401524,4051.891187,4051.891187,1e-06,0,1,0,93,,93.0,,93.0,,93.0,0.0,744000000.0,0,65,,65.0,,65.0,,65.0,,,,,,,,,,,,,,,,,,,,0.0,,,,,,,1,replay,1,replay
192.168.0.11,192.168.0.41,02:42:c0:a8:00:0b,02:42:c0:a8:00:29,192.168.0.11,192.168.0.41,IPV4-ICMP,2022-09-16 12:22:11.401111,2022-09-16 12:22:11.401111,1663323731.401111,1663323731.401111,4051.890774,4051.890774,1e-06,0,1,0,92,,92.0,,92.0,,92.0,0.0,736000000.0,0,64,,64.0,,64.0,,64.0,,,,,,,,,,,,,,,,,,,,0.0,,,,,,,1,replay,1,replay
192.168.0.21,192.168.0.41,02:42:c0:a8:00:15,02:42:c0:a8:00:29,192.168.0.21,192.168.0.41,IPV4-ICMP,2022-09-16 12:22:13.509950,2022-09-16 12:22:13.509950,1663323733.50995,1663323733.50995,4053.999613,4053.999613,1e-06,0,1,0,92,,92.0,,92.0,,92.0,0.0,736000000.0,0,64,,64.0,,64.0,,64.0,,,,,,,,,,,,,,,,,,,,0.0,,,,,,,1,replay,1,replay
192.168.0.11,192.168.0.41,02:42:c0:a8:00:0b,02:42:c0:a8:00:29,192.168.0.11,192.168.0.41,IPV4-ICMP,2022-09-16 12:22:16.601701,2022-09-16 12:22:16.601701,1663323736.601701,1663323736.601701,4057.091364,4057.091364,1e-06,0,1,0,93,,93.0,,93.0,,93.0,0.0,744000000.0,0,65,,65.0,,65.0,,65.0,,,,,,,,,,,,,,,,,,,,0.0,,,,,,,1,replay,1,replay
192.168.0.12,192.168.0.41,02:42:c0:a8:00:0c,02:42:c0:a8:00:29,192.168.0.12,192.168.0.41,IPV4-ICMP,2022-09-16 12:22:16.600952,2022-09-16 12:22:16.600952,1663323736.600952,1663323736.600952,4057.090615,4057.090615,1e-06,0,1,0,92,,92.0,,92.0,,92.0,0.0,736000000.0,0,64,,64.0,,64.0,,64.0,,,,,,,,,,,,,,,,,,,,0.0,,,,,,,1,replay,1,replay
192.168.0.21,192.168.0.41,02:42:c0:a8:00:15,02:42:c0:a8:00:29,192.168.0.21,192.168.0.41,IPV4-ICMP,2022-09-16 12:22:19.004340,2022-09-16 12:22:19.004340,1663323739.00434,1663323739.00434,4059.494003,4059.494003,1e-06,0,1,0,92,,92.0,,92.0,,92.0,0.0,736000000.0,0,64,,64.0,,64.0,,64.0,,,,,,,,,,,,,,,,,,,,0.0,,,,,,,1,replay,1,replay
192.168.0.11,192.168.0.41,02:42:c0:a8:00:0b,02:42:c0:a8:00:29,192.168.0.11,192.168.0.41,IPV4-ICMP,2022-09-16 12:25:35.002156,2022-09-16 12:25:35.400999,1663323935.002156,1663323935.400999,4255.491819,4255.890662,0.398844,0,3,0,277,,93.0,,92.0,,92.333,0.0,5556.056,0,193,,65.0,,64.0,,64.333,,0.1994215250015258,,,,,,,,,,,,,,,,,,0.0,,,,,,,1,replay,1,replay
192.168.0.12,192.168.0.41,02:42:c0:a8:00:0c,02:42:c0:a8:00:29,192.168.0.12,192.168.0.41,IPV4-ICMP,2022-09-16 12:25:35.002462,2022-09-16 12:25:35.400803,1663323935.002462,1663323935.400803,4255.492125,4255.890466,0.398342,0,3,0,276,,92.0,,92.0,,92.0,0.0,5542.973,0,192,,64.0,,64.0,,64.0,,0.1991705894470214,,,,,,,,,,,,,,,,,,0.0,,,,,,,1,replay,1,replay
192.168.0.21,192.168.0.41,02:42:c0:a8:00:15,02:42:c0:a8:00:29,192.168.0.21,192.168.0.41,IPV4-ICMP,2022-09-16 12:25:35.503322,2022-09-16 12:25:35.503322,1663323935.503322,1663323935.503322,4255.992985,4255.992985,1e-06,0,1,0,92,,92.0,,92.0,,92.0,0.0,736000000.0,0,64,,64.0,,64.0,,64.0,,,,,,,,,,,,,,,,,,,,0.0,,,,,,,1,replay,1,replay
192.168.0.11,192.168.0.41,02:42:c0:a8:00:0b,02:42:c0:a8:00:29,192.168.0.11,192.168.0.41,IPV4-ICMP,2022-09-16 12:25:35.601989,2022-09-16 12:25:36.006551,1663323935.601989,1663323936.006551,4256.091652,4256.496214,0.404563,0,2,0,185,,93.0,,92.0,,92.5,0.0,3658.268,0,129,,65.0,,64.0,,64.5,,0.4045619964599609,,,,,,,,,,,,,,,,,,0.0,,,,,,,1,replay,1,replay
192.168.0.12,192.168.0.41,02:42:c0:a8:00:0c,02:42:c0:a8:00:29,192.168.0.12,192.168.0.41,IPV4-ICMP,2022-09-16 12:25:35.602804,2022-09-16 12:25:36.002525,1663323935.602804,1663323936.002525,4256.092467,4256.492188,0.399722,0,2,0,185,,93.0,,92.0,,92.5,0.0,3702.572,0,129,,65.0,,64.0,,64.5,,0.3997211456298828,,,,,,,,,,,,,,,,,,0.0,,,,,,,1,replay,1,replay
192.168.0.21,192.168.0.41,02:42:c0:a8:00:15,02:42:c0:a8:00:29,192.168.0.21,192.168.0.41,IPV4-ICMP,2022-09-16 12:25:36.019006,2022-09-16 12:25:36.515370,1663323936.019006,1663323936.51537,4256.508669,4257.005033,0.496365,0,2,0,184,,92.0,,92.0,,92.0,0.0,2965.56,0,128,,64.0,,64.0,,64.0,,0.496363878250122,,,,,,,,,,,,,,,,,,0.0,,,,,,,1,replay,1,replay
192.168.0.11,192.168.0.41,02:42:c0:a8:00:0b,02:42:c0:a8:00:29,192.168.0.11,192.168.0.41,IPV4-ICMP,2022-09-16 12:25:36.677493,2022-09-16 12:25:36.677493,1663323936.677493,1663323936.677493,4257.167156,4257.167156,1e-06,0,1,0,80,,80.0,,80.0,,80.0,0.0,640000000.0,0,52,,52.0,,52.0,,52.0,,,,,,,,,,,,,,,,,,,,0.0,,,,,,,1,replay,1,replay
192.168.0.12,192.168.0.41,02:42:c0:a8:00:0c,02:42:c0:a8:00:29,192.168.0.12,192.168.0.41,IPV4-ICMP,2022-09-16 12:25:36.805573,2022-09-16 12:25:36.805573,1663323936.805573,1663323936.805573,4257.295236,4257.295236,1e-06,0,1,0,93,,93.0,,93.0,,93.0,0.0,744000000.0,0,65,,65.0,,65.0,,65.0,,,,,,,,,,,,,,,,,,,,0.0,,,,,,,1,replay,1,replay
192.168.0.23,192.168.0.41,02:42:c0:a8:00:17,02:42:c0:a8:00:29,192.168.0.23,192.168.0.41,IPV4-ICMP,2022-09-16 12:25:10.430257,2022-09-16 12:25:10.430257,1663323910.430257,1663323910.430257,4230.91992,4230.91992,1e-06,0,1,0,97,,97.0,,97.0,,97.0,0.0,776000000.0,0,69,,69.0,,69.0,,69.0,,,,,,,,,,,,,,,,,,,,0.0,,,,,,,0,Normal,0,Normal
192.168.0.21,192.168.0.41,02:42:c0:a8:00:15,02:42:c0:a8:00:29,192.168.0.21,192.168.0.41,IPV4-ICMP,2022-09-16 12:25:37.028829,2022-09-16 12:25:37.504251,1663323937.028829,1663323937.504251,4257.518492,4257.993914,0.475423,0,2,0,184,,92.0,,92.0,,92.0,0.0,3096.191,0,128,,64.0,,64.0,,64.0,,0.4754219055175781,,,,,,,,,,,,,,,,,,0.0,,,,,,,1,replay,1,replay
192.168.0.21,192.168.0.41,02:42:c0:a8:00:15,02:42:c0:a8:00:29,192.168.0.21,192.168.0.41,IPV4-ICMP,2022-09-16 12:25:38.521592,2022-09-16 12:25:38.521592,1663323938.521592,1663323938.521592,4259.011255,4259.011255,1e-06,0,1,0,92,,92.0,,92.0,,92.0,0.0,736000000.0,0,64,,64.0,,64.0,,64.0,,,,,,,,,,,,,,,,,,,,0.0,,,,,,,1,replay,1,replay
192.168.0.11,192.168.0.41,02:42:c0:a8:00:0b,02:42:c0:a8:00:29,192.168.0.11,192.168.0.41,IPV4-ICMP,2022-09-16 12:25:38.001571,2022-09-16 12:25:38.001571,1663323938.001571,1663323938.001571,4258.491234,4258.491234,1e-06,0,1,0,93,,93.0,,93.0,,93.0,0.0,744000000.0,0,65,,65.0,,65.0,,65.0,,,,,,,,,,,,,,,,,,,,0.0,,,,,,,1,replay,1,replay
192.168.0.12,192.168.0.41,02:42:c0:a8:00:0c,02:42:c0:a8:00:29,192.168.0.12,192.168.0.41,IPV4-ICMP,2022-09-16 12:25:38.201922,2022-09-16 12:25:38.201922,1663323938.201922,1663323938.201922,4258.691585,4258.691585,1e-06,0,1,0,92,,92.0,,92.0,,92.0,0.0,736000000.0,0,64,,64.0,,64.0,,64.0,,,,,,,,,,,,,,,,,,,,0.0,,,,,,,1,replay,1,replay
192.168.0.21,192.168.0.41,02:42:c0:a8:00:15,02:42:c0:a8:00:29,192.168.0.21,192.168.0.41,IPV4-ICMP,2022-09-16 12:25:40.018774,2022-09-16 12:25:40.018774,1663323940.018774,1663323940.018774,4260.508437,4260.508437,1e-06,0,1,0,92,,92.0,,92.0,,92.0,0.0,736000000.0,0,64,,64.0,,64.0,,64.0,,,,,,,,,,,,,,,,,,,,0.0,,,,,,,1,replay,1,replay
192.168.0.11,192.168.0.41,02:42:c0:a8:00:0b,02:42:c0:a8:00:29,192.168.0.11,192.168.0.41,IPV4-ICMP,2022-09-16 12:25:40.609932,2022-09-16 12:25:40.609932,1663323940.609932,1663323940.609932,4261.099595,4261.099595,1e-06,0,1,0,92,,92.0,,92.0,,92.0,0.0,736000000.0,0,64,,64.0,,64.0,,64.0,,,,,,,,,,,,,,,,,,,,0.0,,,,,,,1,replay,1,replay
192.168.0.12,192.168.0.41,02:42:c0:a8:00:0c,02:42:c0:a8:00:29,192.168.0.12,192.168.0.41,IPV4-ICMP,2022-09-16 12:25:40.805203,2022-09-16 12:25:40.805203,1663323940.805203,1663323940.805203,4261.294866,4261.294866,1e-06,0,1,0,93,,93.0,,93.0,,93.0,0.0,744000000.0,0,65,,65.0,,65.0,,65.0,,,,,,,,,,,,,,,,,,,,0.0,,,,,,,1,replay,1,replay
192.168.0.21,192.168.0.41,02:42:c0:a8:00:15,02:42:c0:a8:00:29,192.168.0.21,192.168.0.41,IPV4-ICMP,2022-09-16 12:25:43.014296,2022-09-16 12:25:43.014296,1663323943.014296,1663323943.014296,4263.503959,4263.503959,1e-06,0,1,0,92,,92.0,,92.0,,92.0,0.0,736000000.0,0,64,,64.0,,64.0,,64.0,,,,,,,,,,,,,,,,,,,,0.0,,,,,,,1,replay,1,replay
192.168.0.12,192.168.0.41,02:42:c0:a8:00:0c,02:42:c0:a8:00:29,192.168.0.12,192.168.0.41,IPV4-ICMP,2022-09-16 12:25:46.002603,2022-09-16 12:25:46.002603,1663323946.002603,1663323946.002603,4266.492266,4266.492266,1e-06,0,1,0,93,,93.0,,93.0,,93.0,0.0,744000000.0,0,65,,65.0,,65.0,,65.0,,,,,,,,,,,,,,,,,,,,0.0,,,,,,,1,replay,1,replay
192.168.0.11,192.168.0.41,02:42:c0:a8:00:0b,02:42:c0:a8:00:29,192.168.0.11,192.168.0.41,IPV4-ICMP,2022-09-16 12:25:45.800911,2022-09-16 12:25:45.800911,1663323945.800911,1663323945.800911,4266.290574,4266.290574,1e-06,0,1,0,93,,93.0,,93.0,,93.0,0.0,744000000.0,0,65,,65.0,,65.0,,65.0,,,,,,,,,,,,,,,,,,,,0.0,,,,,,,1,replay,1,replay
192.168.0.21,192.168.0.41,02:42:c0:a8:00:15,02:42:c0:a8:00:29,192.168.0.21,192.168.0.41,IPV4-ICMP,2022-09-16 12:25:48.510114,2022-09-16 12:25:48.510114,1663323948.510114,1663323948.510114,4268.999777,4268.999777,1e-06,0,1,0,92,,92.0,,92.0,,92.0,0.0,736000000.0,0,64,,64.0,,64.0,,64.0,,,,,,,,,,,,,,,,,,,,0.0,,,,,,,1,replay,1,replay
192.168.0.12,192.168.0.41,02:42:c0:a8:00:0c,02:42:c0:a8:00:29,192.168.0.12,192.168.0.41,IPV4-ICMP,2022-09-16 12:33:04.001171,2022-09-16 12:33:04.402157,1663324384.001171,1663324384.402157,4704.490834,4704.89182,0.400987,0,3,0,276,,92.0,,92.0,,92.0,0.0,5506.414,0,192,,64.0,,64.0,,64.0,,0.2004929780960083,,,,,,,,,,,,,,,,,,0.0,,,,,,,1,replay,1,replay
192.168.0.11,192.168.0.41,02:42:c0:a8:00:0b,02:42:c0:a8:00:29,192.168.0.11,192.168.0.41,IPV4-ICMP,2022-09-16 12:33:04.001758,2022-09-16 12:33:04.402932,1663324384.001758,1663324384.402932,4704.491421,4704.892595,0.401175,0,3,0,279,,93.0,,93.0,,93.0,0.0,5563.659,0,195,,65.0,,65.0,,65.0,,0.2005869150161743,,,,,,,,,,,,,,,,,,0.0,,,,,,,1,replay,1,replay
192.168.0.21,192.168.0.41,02:42:c0:a8:00:15,02:42:c0:a8:00:29,192.168.0.21,192.168.0.41,IPV4-ICMP,2022-09-16 12:33:04.068891,2022-09-16 12:33:04.510148,1663324384.068891,1663324384.510148,4704.558554,4704.999811,0.441258,0,2,0,172,,92.0,,80.0,,86.0,0.0,3118.357,0,116,,64.0,,52.0,,58.0,,0.4412569999694824,,,,,,,,,,,,,,,,,,0.0,,,,,,,1,replay,1,replay
192.168.0.12,192.168.0.41,02:42:c0:a8:00:0c,02:42:c0:a8:00:29,192.168.0.12,192.168.0.41,IPV4-ICMP,2022-09-16 12:33:04.601646,2022-09-16 12:33:05.000834,1663324384.601646,1663324385.000834,4705.091309,4705.490497,0.399189,0,2,0,184,,92.0,,92.0,,92.0,0.0,3687.476,0,128,,64.0,,64.0,,64.0,,0.3991880416870117,,,,,,,,,,,,,,,,,,0.0,,,,,,,1,replay,1,replay
192.168.0.11,192.168.0.41,02:42:c0:a8:00:0b,02:42:c0:a8:00:29,192.168.0.11,192.168.0.41,IPV4-ICMP,2022-09-16 12:33:04.602280,2022-09-16 12:33:05.002089,1663324384.60228,1663324385.002089,4705.091943,4705.491752,0.39981,0,2,0,186,,93.0,,93.0,,93.0,0.0,3721.767,0,130,,65.0,,65.0,,65.0,,0.3998091220855713,,,,,,,,,,,,,,,,,,0.0,,,,,,,1,replay,1,replay
192.168.0.21,192.168.0.41,02:42:c0:a8:00:15,02:42:c0:a8:00:29,192.168.0.21,192.168.0.41,IPV4-ICMP,2022-09-16 12:33:05.023571,2022-09-16 12:33:05.514083,1663324385.023571,1663324385.514083,4705.513234,4706.003746,0.490513,0,2,0,184,,92.0,,92.0,,92.0,0.0,3000.94,0,128,,64.0,,64.0,,64.0,,0.4905118942260742,,,,,,,,,,,,,,,,,,0.0,,,,,,,1,replay,1,replay
192.168.0.21,192.168.0.41,02:42:c0:a8:00:15,02:42:c0:a8:00:29,192.168.0.21,192.168.0.41,IPV4-ICMP,2022-09-16 12:33:06.010773,2022-09-16 12:33:06.010773,1663324386.010773,1663324386.010773,4706.500436,4706.500436,1e-06,0,1,0,92,,92.0,,92.0,,92.0,0.0,736000000.0,0,64,,64.0,,64.0,,64.0,,,,,,,,,,,,,,,,,,,,0.0,,,,,,,1,replay,1,replay
192.168.0.12,192.168.0.41,02:42:c0:a8:00:0c,02:42:c0:a8:00:29,192.168.0.12,192.168.0.41,IPV4-ICMP,2022-09-16 12:33:05.800626,2022-09-16 12:33:05.800626,1663324385.800626,1663324385.800626,4706.290289,4706.290289,1e-06,0,1,0,92,,92.0,,92.0,,92.0,0.0,736000000.0,0,64,,64.0,,64.0,,64.0,,,,,,,,,,,,,,,,,,,,0.0,,,,,,,1,replay,1,replay
192.168.0.11,192.168.0.41,02:42:c0:a8:00:0b,02:42:c0:a8:00:29,192.168.0.11,192.168.0.41,IPV4-ICMP,2022-09-16 12:33:05.800938,2022-09-16 12:33:05.800938,1663324385.800938,1663324385.800938,4706.290601,4706.290601,1e-06,0,1,0,93,,93.0,,93.0,,93.0,0.0,744000000.0,0,65,,65.0,,65.0,,65.0,,,,,,,,,,,,,,,,,,,,0.0,,,,,,,1,replay,1,replay
192.168.0.21,192.168.0.41,02:42:c0:a8:00:15,02:42:c0:a8:00:29,192.168.0.21,192.168.0.41,IPV4-ICMP,2022-09-16 12:33:07.021342,2022-09-16 12:33:07.021342,1663324387.021342,1663324387.021342,4707.511005,4707.511005,1e-06,0,1,0,92,,92.0,,92.0,,92.0,0.0,736000000.0,0,64,,64.0,,64.0,,64.0,,,,,,,,,,,,,,,,,,,,0.0,,,,,,,1,replay,1,replay
192.168.0.12,192.168.0.41,02:42:c0:a8:00:0c,02:42:c0:a8:00:29,192.168.0.12,192.168.0.41,IPV4-ICMP,2022-09-16 12:33:07.201950,2022-09-16 12:33:07.201950,1663324387.20195,1663324387.20195,4707.691613,4707.691613,1e-06,0,1,0,92,,92.0,,92.0,,92.0,0.0,736000000.0,0,64,,64.0,,64.0,,64.0,,,,,,,,,,,,,,,,,,,,0.0,,,,,,,1,replay,1,replay
192.168.0.11,192.168.0.41,02:42:c0:a8:00:0b,02:42:c0:a8:00:29,192.168.0.11,192.168.0.41,IPV4-ICMP,2022-09-16 12:33:07.202724,2022-09-16 12:33:07.202724,1663324387.202724,1663324387.202724,4707.692387,4707.692387,1e-06,0,1,0,93,,93.0,,93.0,,93.0,0.0,744000000.0,0,65,,65.0,,65.0,,65.0,,,,,,,,,,,,,,,,,,,,0.0,,,,,,,1,replay,1,replay
192.168.0.21,192.168.0.41,02:42:c0:a8:00:15,02:42:c0:a8:00:29,192.168.0.21,192.168.0.41,IPV4-ICMP,2022-09-16 12:33:08.518469,2022-09-16 12:33:08.518469,1663324388.518469,1663324388.518469,4709.008132,4709.008132,1e-06,0,1,0,92,,92.0,,92.0,,92.0,0.0,736000000.0,0,64,,64.0,,64.0,,64.0,,,,,,,,,,,,,,,,,,,,0.0,,,,,,,1,replay,1,replay
192.168.0.12,192.168.0.41,02:42:c0:a8:00:0c,02:42:c0:a8:00:29,192.168.0.12,192.168.0.41,IPV4-ICMP,2022-09-16 12:33:09.801639,2022-09-16 12:33:09.801639,1663324389.801639,1663324389.801639,4710.291302,4710.291302,1e-06,0,1,0,92,,92.0,,92.0,,92.0,0.0,736000000.0,0,64,,64.0,,64.0,,64.0,,,,,,,,,,,,,,,,,,,,0.0,,,,,,,1,replay,1,replay
192.168.0.11,192.168.0.41,02:42:c0:a8:00:0b,02:42:c0:a8:00:29,192.168.0.11,192.168.0.41,IPV4-ICMP,2022-09-16 12:33:09.802337,2022-09-16 12:33:09.802337,1663324389.802337,1663324389.802337,4710.292,4710.292,1e-06,0,1,0,93,,93.0,,93.0,,93.0,0.0,744000000.0,0,65,,65.0,,65.0,,65.0,,,,,,,,,,,,,,,,,,,,0.0,,,,,,,1,replay,1,replay
192.168.0.23,192.168.0.41,02:42:c0:a8:00:17,02:42:c0:a8:00:29,192.168.0.23,192.168.0.41,IPV4-ICMP,2022-09-16 12:25:38.463754,2022-09-16 12:25:38.463754,1663323938.463754,1663323938.463754,4258.953417,4258.953417,1e-06,0,1,0,97,,97.0,,97.0,,97.0,0.0,776000000.0,0,69,,69.0,,69.0,,69.0,,,,,,,,,,,,,,,,,,,,0.0,,,,,,,1,replay,1,replay
192.168.0.21,192.168.0.41,02:42:c0:a8:00:15,02:42:c0:a8:00:29,192.168.0.21,192.168.0.41,IPV4-ICMP,2022-09-16 12:33:11.511479,2022-09-16 12:33:11.511479,1663324391.511479,1663324391.511479,4712.001142,4712.001142,1e-06,0,1,0,92,,92.0,,92.0,,92.0,0.0,736000000.0,0,64,,64.0,,64.0,,64.0,,,,,,,,,,,,,,,,,,,,0.0,,,,,,,1,replay,1,replay
192.168.0.23,192.168.0.41,02:42:c0:a8:00:17,02:42:c0:a8:00:29,192.168.0.23,192.168.0.41,IPV4-ICMP,2022-09-16 12:33:16.951986,2022-09-16 12:33:16.951986,1663324396.951986,1663324396.951986,4717.441649,4717.441649,1e-06,0,1,0,97,,97.0,,97.0,,97.0,0.0,776000000.0,0,69,,69.0,,69.0,,69.0,,,,,,,,,,,,,,,,,,,,0.0,,,,,,,1,replay,1,replay
192.168.0.11,192.168.0.41,02:42:c0:a8:00:0b,02:42:c0:a8:00:29,192.168.0.11,192.168.0.41,IPV4-ICMP,2022-09-16 12:33:15.002220,2022-09-16 12:33:15.002220,1663324395.00222,1663324395.00222,4715.491883,4715.491883,1e-06,0,1,0,93,,93.0,,93.0,,93.0,0.0,744000000.0,0,65,,65.0,,65.0,,65.0,,,,,,,,,,,,,,,,,,,,0.0,,,,,,,1,replay,1,replay
192.168.0.12,192.168.0.41,02:42:c0:a8:00:0c,02:42:c0:a8:00:29,192.168.0.12,192.168.0.41,IPV4-ICMP,2022-09-16 12:33:15.001599,2022-09-16 12:33:15.001599,1663324395.001599,1663324395.001599,4715.491262,4715.491262,1e-06,0,1,0,92,,92.0,,92.0,,92.0,0.0,736000000.0,0,64,,64.0,,64.0,,64.0,,,,,,,,,,,,,,,,,,,,0.0,,,,,,,1,replay,1,replay
192.168.0.21,192.168.0.41,02:42:c0:a8:00:15,02:42:c0:a8:00:29,192.168.0.21,192.168.0.41,IPV4-ICMP,2022-09-16 12:33:17.020421,2022-09-16 12:33:17.020421,1663324397.020421,1663324397.020421,4717.510084,4717.510084,1e-06,0,1,0,92,,92.0,,92.0,,92.0,0.0,736000000.0,0,64,,64.0,,64.0,,64.0,,,,,,,,,,,,,,,,,,,,0.0,,,,,,,1,replay,1,replay
192.168.0.12,192.168.0.41,02:42:c0:a8:00:0c,02:42:c0:a8:00:29,192.168.0.12,192.168.0.41,IPV4-ICMP,2022-09-16 12:37:59.602853,2022-09-16 12:38:00.001679,1663324679.602853,1663324680.001679,5000.092516,5000.491342,0.398827,0,3,0,276,,92.0,,92.0,,92.0,0.0,5536.237,0,192,,64.0,,64.0,,64.0,,0.1994129419326782,,,,,,,,,,,,,,,,,,0.0,,,,,,,1,replay,1,replay
192.168.0.11,192.168.0.41,02:42:c0:a8:00:0b,02:42:c0:a8:00:29,192.168.0.11,192.168.0.41,IPV4-ICMP,2022-09-16 12:37:59.602160,2022-09-16 12:38:00.001396,1663324679.60216,1663324680.001396,5000.091823,5000.491059,0.399237,0,3,0,277,,93.0,,92.0,,92.333,0.0,5550.588,0,193,,65.0,,64.0,,64.333,,0.1996179819107055,,,,,,,,,,,,,,,,,,0.0,,,,,,,1,replay,1,replay
192.168.0.21,192.168.0.41,02:42:c0:a8:00:15,02:42:c0:a8:00:29,192.168.0.21,192.168.0.41,IPV4-ICMP,2022-09-16 12:38:00.007968,2022-09-16 12:38:00.057354,1663324680.007968,1663324680.057354,5000.497631,5000.547017,0.049387,0,2,0,172,,92.0,,80.0,,86.0,0.0,27861.569,0,116,,64.0,,52.0,,58.0,,0.0493860244750976,,,,,,,,,,,,,,,,,,0.0,,,,,,,1,replay,1,replay
192.168.0.21,192.168.0.41,02:42:c0:a8:00:15,02:42:c0:a8:00:29,192.168.0.21,192.168.0.41,IPV4-ICMP,2022-09-16 12:38:00.518480,2022-09-16 12:38:00.518480,1663324680.51848,1663324680.51848,5001.008143,5001.008143,1e-06,0,1,0,92,,92.0,,92.0,,92.0,0.0,736000000.0,0,64,,64.0,,64.0,,64.0,,,,,,,,,,,,,,,,,,,,0.0,,,,,,,1,replay,1,replay
192.168.0.12,192.168.0.41,02:42:c0:a8:00:0c,02:42:c0:a8:00:29,192.168.0.12,192.168.0.41,IPV4-ICMP,2022-09-16 12:38:00.201400,2022-09-16 12:38:00.528491,1663324680.2014,1663324680.528491,5000.691063,5001.018154,0.327092,0,2,0,185,,93.0,,92.0,,92.5,0.0,4524.721,0,129,,65.0,,64.0,,64.5,,0.3270909786224365,,,,,,,,,,,,,,,,,,0.0,,,,,,,1,replay,1,replay
192.168.0.11,192.168.0.41,02:42:c0:a8:00:0b,02:42:c0:a8:00:29,192.168.0.11,192.168.0.41,IPV4-ICMP,2022-09-16 12:38:00.201876,2022-09-16 12:38:00.525430,1663324680.201876,1663324680.52543,5000.691539,5001.015093,0.323555,0,2,0,186,,93.0,,93.0,,93.0,0.0,4598.908,0,130,,65.0,,65.0,,65.0,,0.3235540390014648,,,,,,,,,,,,,,,,,,0.0,,,,,,,1,replay,1,replay
192.168.0.23,192.168.0.41,02:42:c0:a8:00:17,02:42:c0:a8:00:29,192.168.0.23,192.168.0.41,IPV4-ICMP,2022-09-16 12:33:36.976820,2022-09-16 12:33:36.976820,1663324416.97682,1663324416.97682,4737.466483,4737.466483,1e-06,0,1,0,97,,97.0,,97.0,,97.0,0.0,776000000.0,0,69,,69.0,,69.0,,69.0,,,,,,,,,,,,,,,,,,,,0.0,,,,,,,1,replay,1,replay
192.168.0.21,192.168.0.41,02:42:c0:a8:00:15,02:42:c0:a8:00:29,192.168.0.21,192.168.0.41,IPV4-ICMP,2022-09-16 12:38:01.028805,2022-09-16 12:38:01.514004,1663324681.028805,1663324681.514004,5001.518468,5002.003667,0.4852,0,2,0,184,,92.0,,92.0,,92.0,0.0,3033.801,0,128,,64.0,,64.0,,64.0,,0.485198974609375,,,,,,,,,,,,,,,,,,0.0,,,,,,,1,replay,1,replay
192.168.0.11,192.168.0.41,02:42:c0:a8:00:0b,02:42:c0:a8:00:29,192.168.0.11,192.168.0.41,IPV4-ICMP,2022-09-16 12:38:01.202477,2022-09-16 12:38:01.202477,1663324681.202477,1663324681.202477,5001.69214,5001.69214,1e-06,0,1,0,93,,93.0,,93.0,,93.0,0.0,744000000.0,0,65,,65.0,,65.0,,65.0,,,,,,,,,,,,,,,,,,,,0.0,,,,,,,1,replay,1,replay
192.168.0.12,192.168.0.41,02:42:c0:a8:00:0c,02:42:c0:a8:00:29,192.168.0.12,192.168.0.41,IPV4-ICMP,2022-09-16 12:38:01.201839,2022-09-16 12:38:01.201839,1663324681.201839,1663324681.201839,5001.691502,5001.691502,1e-06,0,1,0,92,,92.0,,92.0,,92.0,0.0,736000000.0,0,64,,64.0,,64.0,,64.0,,,,,,,,,,,,,,,,,,,,0.0,,,,,,,1,replay,1,replay
192.168.0.21,192.168.0.41,02:42:c0:a8:00:15,02:42:c0:a8:00:29,192.168.0.21,192.168.0.41,IPV4-ICMP,2022-09-16 12:38:02.513361,2022-09-16 12:38:02.513361,1663324682.513361,1663324682.513361,5003.003024,5003.003024,1e-06,0,1,0,92,,92.0,,92.0,,92.0,0.0,736000000.0,0,64,,64.0,,64.0,,64.0,,,,,,,,,,,,,,,,,,,,0.0,,,,,,,1,replay,1,replay
192.168.0.12,192.168.0.41,02:42:c0:a8:00:0c,02:42:c0:a8:00:29,192.168.0.12,192.168.0.41,IPV4-ICMP,2022-09-16 12:38:02.529144,2022-09-16 12:38:02.529144,1663324682.529144,1663324682.529144,5003.018807,5003.018807,1e-06,0,1,0,93,,93.0,,93.0,,93.0,0.0,744000000.0,0,65,,65.0,,65.0,,65.0,,,,,,,,,,,,,,,,,,,,0.0,,,,,,,1,replay,1,replay
192.168.0.11,192.168.0.41,02:42:c0:a8:00:0b,02:42:c0:a8:00:29,192.168.0.11,192.168.0.41,IPV4-ICMP,2022-09-16 12:38:02.514108,2022-09-16 12:38:02.514108,1663324682.514108,1663324682.514108,5003.003771,5003.003771,1e-06,0,1,0,93,,93.0,,93.0,,93.0,0.0,744000000.0,0,65,,65.0,,65.0,,65.0,,,,,,,,,,,,,,,,,,,,0.0,,,,,,,1,replay,1,replay
192.168.0.21,192.168.0.41,02:42:c0:a8:00:15,02:42:c0:a8:00:29,192.168.0.21,192.168.0.41,IPV4-ICMP,2022-09-16 12:38:04.059946,2022-09-16 12:38:04.059946,1663324684.059946,1663324684.059946,5004.549609,5004.549609,1e-06,0,1,0,92,,92.0,,92.0,,92.0,0.0,736000000.0,0,64,,64.0,,64.0,,64.0,,,,,,,,,,,,,,,,,,,,0.0,,,,,,,1,replay,1,replay
192.168.0.12,192.168.0.41,02:42:c0:a8:00:0c,02:42:c0:a8:00:29,192.168.0.12,192.168.0.41,IPV4-ICMP,2022-09-16 12:38:05.201824,2022-09-16 12:38:05.201824,1663324685.201824,1663324685.201824,5005.691487,5005.691487,1e-06,0,1,0,92,,92.0,,92.0,,92.0,0.0,736000000.0,0,64,,64.0,,64.0,,64.0,,,,,,,,,,,,,,,,,,,,0.0,,,,,,,1,replay,1,replay
192.168.0.11,192.168.0.41,02:42:c0:a8:00:0b,02:42:c0:a8:00:29,192.168.0.11,192.168.0.41,IPV4-ICMP,2022-09-16 12:38:05.202764,2022-09-16 12:38:05.202764,1663324685.202764,1663324685.202764,5005.692427,5005.692427,1e-06,0,1,0,93,,93.0,,93.0,,93.0,0.0,744000000.0,0,65,,65.0,,65.0,,65.0,,,,,,,,,,,,,,,,,,,,0.0,,,,,,,1,replay,1,replay
192.168.0.21,192.168.0.41,02:42:c0:a8:00:15,02:42:c0:a8:00:29,192.168.0.21,192.168.0.41,IPV4-ICMP,2022-09-16 12:38:07.020358,2022-09-16 12:38:07.020358,1663324687.020358,1663324687.020358,5007.510021,5007.510021,1e-06,0,1,0,92,,92.0,,92.0,,92.0,0.0,736000000.0,0,64,,64.0,,64.0,,64.0,,,,,,,,,,,,,,,,,,,,0.0,,,,,,,1,replay,1,replay
192.168.0.12,192.168.0.41,02:42:c0:a8:00:0c,02:42:c0:a8:00:29,192.168.0.12,192.168.0.41,IPV4-ICMP,2022-09-16 12:38:10.401394,2022-09-16 12:38:10.401394,1663324690.401394,1663324690.401394,5010.891057,5010.891057,1e-06,0,1,0,92,,92.0,,92.0,,92.0,0.0,736000000.0,0,64,,64.0,,64.0,,64.0,,,,,,,,,,,,,,,,,,,,0.0,,,,,,,1,replay,1,replay
192.168.0.11,192.168.0.41,02:42:c0:a8:00:0b,02:42:c0:a8:00:29,192.168.0.11,192.168.0.41,IPV4-ICMP,2022-09-16 12:38:10.402210,2022-09-16 12:38:10.402210,1663324690.40221,1663324690.40221,5010.891873,5010.891873,1e-06,0,1,0,93,,93.0,,93.0,,93.0,0.0,744000000.0,0,65,,65.0,,65.0,,65.0,,,,,,,,,,,,,,,,,,,,0.0,,,,,,,1,replay,1,replay
192.168.0.21,192.168.0.41,02:42:c0:a8:00:15,02:42:c0:a8:00:29,192.168.0.21,192.168.0.41,IPV4-ICMP,2022-09-16 12:38:12.511692,2022-09-16 12:38:12.511692,1663324692.511692,1663324692.511692,5013.001355,5013.001355,1e-06,0,1,0,92,,92.0,,92.0,,92.0,0.0,736000000.0,0,64,,64.0,,64.0,,64.0,,,,,,,,,,,,,,,,,,,,0.0,,,,,,,1,replay,1,replay
192.168.0.12,192.168.0.41,02:42:c0:a8:00:0c,02:42:c0:a8:00:29,192.168.0.12,192.168.0.41,IPV4-ICMP,2022-09-16 12:42:40.203345,2022-09-16 12:42:40.521401,1663324960.203345,1663324960.521401,5280.693008,5281.011064,0.318057,0,3,0,278,,93.0,,92.0,,92.667,0.0,6992.46,0,194,,65.0,,64.0,,64.667,,0.1590279340744018,,,,,,,,,,,,,,,,,,0.0,,,,,,,1,replay,1,replay
192.168.0.21,192.168.0.41,02:42:c0:a8:00:15,02:42:c0:a8:00:29,192.168.0.21,192.168.0.41,IPV4-ICMP,2022-09-16 12:42:40.512676,2022-09-16 12:42:40.512676,1663324960.512676,1663324960.512676,5281.002339,5281.002339,1e-06,0,1,0,92,,92.0,,92.0,,92.0,0.0,736000000.0,0,64,,64.0,,64.0,,64.0,,,,,,,,,,,,,,,,,,,,0.0,,,,,,,1,replay,1,replay
192.168.0.11,192.168.0.41,02:42:c0:a8:00:0b,02:42:c0:a8:00:29,192.168.0.11,192.168.0.41,IPV4-ICMP,2022-09-16 12:42:40.401488,2022-09-16 12:42:40.802101,1663324960.401488,1663324960.802101,5280.891151,5281.291764,0.400614,0,4,0,370,,93.0,,92.0,,92.5,0.0,7388.662,0,258,,65.0,,64.0,,64.5,,0.1335376103719075,,,,,,,,,,,,,,,,,,0.0,,,,,,,1,replay,1,replay
192.168.0.12,192.168.0.41,02:42:c0:a8:00:0c,02:42:c0:a8:00:29,192.168.0.12,192.168.0.41,IPV4-ICMP,2022-09-16 12:42:40.801375,2022-09-16 12:42:41.200803,1663324960.801375,1663324961.200803,5281.291038,5281.690466,0.399429,0,2,0,184,,92.0,,92.0,,92.0,0.0,3685.26,0,128,,64.0,,64.0,,64.0,,0.399428129196167,,,,,,,,,,,,,,,,,,0.0,,,,,,,1,replay,1,replay
192.168.0.11,192.168.0.41,02:42:c0:a8:00:0b,02:42:c0:a8:00:29,192.168.0.11,192.168.0.41,IPV4-ICMP,2022-09-16 12:42:41.201608,2022-09-16 12:42:41.201608,1663324961.201608,1663324961.201608,5281.691271,5281.691271,1e-06,0,1,0,93,,93.0,,93.0,,93.0,0.0,744000000.0,0,65,,65.0,,65.0,,65.0,,,,,,,,,,,,,,,,,,,,0.0,,,,,,,1,replay,1,replay
192.168.0.21,192.168.0.41,02:42:c0:a8:00:15,02:42:c0:a8:00:29,192.168.0.21,192.168.0.41,IPV4-ICMP,2022-09-16 12:42:41.027406,2022-09-16 12:42:41.523842,1663324961.027406,1663324961.523842,5281.517069,5282.013505,0.496437,0,2,0,184,,92.0,,92.0,,92.0,0.0,2965.129,0,128,,64.0,,64.0,,64.0,,0.4964361190795898,,,,,,,,,,,,,,,,,,0.0,,,,,,,1,replay,1,replay
192.168.0.12,192.168.0.41,02:42:c0:a8:00:0c,02:42:c0:a8:00:29,192.168.0.12,192.168.0.41,IPV4-ICMP,2022-09-16 12:42:42.001886,2022-09-16 12:42:42.001886,1663324962.001886,1663324962.001886,5282.491549,5282.491549,1e-06,0,1,0,92,,92.0,,92.0,,92.0,0.0,736000000.0,0,64,,64.0,,64.0,,64.0,,,,,,,,,,,,,,,,,,,,0.0,,,,,,,1,replay,1,replay
192.168.0.11,192.168.0.41,02:42:c0:a8:00:0b,02:42:c0:a8:00:29,192.168.0.11,192.168.0.41,IPV4-ICMP,2022-09-16 12:42:42.002819,2022-09-16 12:42:42.002819,1663324962.002819,1663324962.002819,5282.492482,5282.492482,1e-06,0,1,0,93,,93.0,,93.0,,93.0,0.0,744000000.0,0,65,,65.0,,65.0,,65.0,,,,,,,,,,,,,,,,,,,,0.0,,,,,,,1,replay,1,replay
192.168.0.21,192.168.0.41,02:42:c0:a8:00:15,02:42:c0:a8:00:29,192.168.0.21,192.168.0.41,IPV4-ICMP,2022-09-16 12:42:42.025251,2022-09-16 12:42:42.514835,1663324962.025251,1663324962.514835,5282.514914,5283.004498,0.489585,0,2,0,184,,92.0,,92.0,,92.0,0.0,3006.628,0,128,,64.0,,64.0,,64.0,,0.4895839691162109,,,,,,,,,,,,,,,,,,0.0,,,,,,,1,replay,1,replay
192.168.0.21,192.168.0.41,02:42:c0:a8:00:15,02:42:c0:a8:00:29,192.168.0.21,192.168.0.41,IPV4-ICMP,2022-09-16 12:42:43.514631,2022-09-16 12:42:43.514631,1663324963.514631,1663324963.514631,5284.004294,5284.004294,1e-06,0,1,0,92,,92.0,,92.0,,92.0,0.0,736000000.0,0,64,,64.0,,64.0,,64.0,,,,,,,,,,,,,,,,,,,,0.0,,,,,,,1,replay,1,replay
192.168.0.23,192.168.0.41,02:42:c0:a8:00:17,02:42:c0:a8:00:29,192.168.0.23,192.168.0.41,IPV4-ICMP,2022-09-16 12:38:02.247530,2022-09-16 12:38:02.247530,1663324682.24753,1663324682.24753,5002.737193,5002.737193,1e-06,0,1,0,97,,97.0,,97.0,,97.0,0.0,776000000.0,0,69,,69.0,,69.0,,69.0,,,,,,,,,,,,,,,,,,,,0.0,,,,,,,1,replay,1,replay
192.168.0.12,192.168.0.41,02:42:c0:a8:00:0c,02:42:c0:a8:00:29,192.168.0.12,192.168.0.41,IPV4-ICMP,2022-09-16 12:42:43.401507,2022-09-16 12:42:43.401507,1663324963.401507,1663324963.401507,5283.89117,5283.89117,1e-06,0,1,0,92,,92.0,,92.0,,92.0,0.0,736000000.0,0,64,,64.0,,64.0,,64.0,,,,,,,,,,,,,,,,,,,,0.0,,,,,,,1,replay,1,replay
192.168.0.11,192.168.0.41,02:42:c0:a8:00:0b,02:42:c0:a8:00:29,192.168.0.11,192.168.0.41,IPV4-ICMP,2022-09-16 12:42:43.402310,2022-09-16 12:42:43.402310,1663324963.40231,1663324963.40231,5283.891973,5283.891973,1e-06,0,1,0,93,,93.0,,93.0,,93.0,0.0,744000000.0,0,65,,65.0,,65.0,,65.0,,,,,,,,,,,,,,,,,,,,0.0,,,,,,,1,replay,1,replay
192.168.0.21,192.168.0.41,02:42:c0:a8:00:15,02:42:c0:a8:00:29,192.168.0.21,192.168.0.41,IPV4-ICMP,2022-09-16 12:42:45.020310,2022-09-16 12:42:45.020310,1663324965.02031,1663324965.02031,5285.509973,5285.509973,1e-06,0,1,0,92,,92.0,,92.0,,92.0,0.0,736000000.0,0,64,,64.0,,64.0,,64.0,,,,,,,,,,,,,,,,,,,,0.0,,,,,,,1,replay,1,replay
192.168.0.12,192.168.0.41,02:42:c0:a8:00:0c,02:42:c0:a8:00:29,192.168.0.12,192.168.0.41,IPV4-ICMP,2022-09-16 12:42:46.001296,2022-09-16 12:42:46.001296,1663324966.001296,1663324966.001296,5286.490959,5286.490959,1e-06,0,1,0,92,,92.0,,92.0,,92.0,0.0,736000000.0,0,64,,64.0,,64.0,,64.0,,,,,,,,,,,,,,,,,,,,0.0,,,,,,,1,replay,1,replay
192.168.0.11,192.168.0.41,02:42:c0:a8:00:0b,02:42:c0:a8:00:29,192.168.0.11,192.168.0.41,IPV4-ICMP,2022-09-16 12:42:46.001864,2022-09-16 12:42:46.001864,1663324966.001864,1663324966.001864,5286.491527,5286.491527,1e-06,0,1,0,93,,93.0,,93.0,,93.0,0.0,744000000.0,0,65,,65.0,,65.0,,65.0,,,,,,,,,,,,,,,,,,,,0.0,,,,,,,1,replay,1,replay
192.168.0.21,192.168.0.41,02:42:c0:a8:00:15,02:42:c0:a8:00:29,192.168.0.21,192.168.0.41,IPV4-ICMP,2022-09-16 12:42:48.007396,2022-09-16 12:42:48.007396,1663324968.007396,1663324968.007396,5288.497059,5288.497059,1e-06,0,1,0,92,,92.0,,92.0,,92.0,0.0,736000000.0,0,64,,64.0,,64.0,,64.0,,,,,,,,,,,,,,,,,,,,0.0,,,,,,,1,replay,1,replay
192.168.0.23,192.168.0.41,02:42:c0:a8:00:17,02:42:c0:a8:00:29,192.168.0.23,192.168.0.41,IPV4-ICMP,2022-09-16 12:42:45.575636,2022-09-16 12:42:45.575636,1663324965.575636,1663324965.575636,5286.065299,5286.065299,1e-06,0,1,0,97,,97.0,,97.0,,97.0,0.0,776000000.0,0,69,,69.0,,69.0,,69.0,,,,,,,,,,,,,,,,,,,,0.0,,,,,,,1,replay,1,replay
192.168.0.12,192.168.0.41,02:42:c0:a8:00:0c,02:42:c0:a8:00:29,192.168.0.12,192.168.0.41,IPV4-ICMP,2022-09-16 12:42:51.201537,2022-09-16 12:42:51.201537,1663324971.201537,1663324971.201537,5291.6912,5291.6912,1e-06,0,1,0,92,,92.0,,92.0,,92.0,0.0,736000000.0,0,64,,64.0,,64.0,,64.0,,,,,,,,,,,,,,,,,,,,0.0,,,,,,,1,replay,1,replay
192.168.0.11,192.168.0.41,02:42:c0:a8:00:0b,02:42:c0:a8:00:29,192.168.0.11,192.168.0.41,IPV4-ICMP,2022-09-16 12:42:51.202054,2022-09-16 12:42:51.202054,1663324971.202054,1663324971.202054,5291.691717,5291.691717,1e-06,0,1,0,93,,93.0,,93.0,,93.0,0.0,744000000.0,0,65,,65.0,,65.0,,65.0,,,,,,,,,,,,,,,,,,,,0.0,,,,,,,1,replay,1,replay
192.168.0.21,192.168.0.41,02:42:c0:a8:00:15,02:42:c0:a8:00:29,192.168.0.21,192.168.0.41,IPV4-ICMP,2022-09-16 12:42:53.516808,2022-09-16 12:42:53.516808,1663324973.516808,1663324973.516808,5294.006471,5294.006471,1e-06,0,1,0,92,,92.0,,92.0,,92.0,0.0,736000000.0,0,64,,64.0,,64.0,,64.0,,,,,,,,,,,,,,,,,,,,0.0,,,,,,,1,replay,1,replay
192.168.0.12,192.168.0.41,02:42:c0:a8:00:0c,02:42:c0:a8:00:29,192.168.0.12,192.168.0.41,IPV4-ICMP,2022-09-16 12:48:37.800457,2022-09-16 12:48:38.201167,1663325317.800457,1663325318.201167,5638.29012,5638.69083,0.400711,0,3,0,276,,92.0,,92.0,,92.0,0.0,5510.204,0,192,,64.0,,64.0,,64.0,,0.200355052947998,,,,,,,,,,,,,,,,,,0.0,,,,,,,1,replay,1,replay
192.168.0.11,192.168.0.41,02:42:c0:a8:00:0b,02:42:c0:a8:00:29,192.168.0.11,192.168.0.41,IPV4-ICMP,2022-09-16 12:48:37.803465,2022-09-16 12:48:38.202038,1663325317.803465,1663325318.202038,5638.293128,5638.691701,0.398574,0,3,0,278,,93.0,,92.0,,92.667,0.0,5579.89,0,194,,65.0,,64.0,,64.667,,0.1992865800857544,,,,,,,,,,,,,,,,,,0.0,,,,,,,1,replay,1,replay
192.168.0.23,192.168.0.41,02:42:c0:a8:00:17,02:42:c0:a8:00:29,192.168.0.23,192.168.0.41,IPV4-ICMP,2022-09-16 12:42:54.585954,2022-09-16 12:42:54.585954,1663324974.585954,1663324974.585954,5295.075617,5295.075617,1e-06,0,1,0,97,,97.0,,97.0,,97.0,0.0,776000000.0,0,69,,69.0,,69.0,,69.0,,,,,,,,,,,,,,,,,,,,0.0,,,,,,,1,replay,1,replay
192.168.0.21,192.168.0.41,02:42:c0:a8:00:15,02:42:c0:a8:00:29,192.168.0.21,192.168.0.41,IPV4-ICMP,2022-09-16 12:48:38.025465,2022-09-16 12:48:38.514796,1663325318.025465,1663325318.514796,5638.515128,5639.004459,0.489332,0,2,0,184,,92.0,,92.0,,92.0,0.0,3008.183,0,128,,64.0,,64.0,,64.0,,0.4893310070037842,,,,,,,,,,,,,,,,,,0.0,,,,,,,1,replay,1,replay
192.168.0.11,192.168.0.41,02:42:c0:a8:00:0b,02:42:c0:a8:00:29,192.168.0.11,192.168.0.41,IPV4-ICMP,2022-09-16 12:48:38.402282,2022-09-16 12:48:38.801193,1663325318.402282,1663325318.801193,5638.891945,5639.290856,0.398912,0,2,0,186,,93.0,,93.0,,93.0,0.0,3730.146,0,130,,65.0,,65.0,,65.0,,0.3989109992980957,,,,,,,,,,,,,,,,,,0.0,,,,,,,1,replay,1,replay
192.168.0.12,192.168.0.41,02:42:c0:a8:00:0c,02:42:c0:a8:00:29,192.168.0.12,192.168.0.41,IPV4-ICMP,2022-09-16 12:48:38.401670,2022-09-16 12:48:38.765166,1663325318.40167,1663325318.765166,5638.891333,5639.254829,0.363497,0,2,0,172,,92.0,,80.0,,86.0,0.0,3785.45,0,116,,64.0,,52.0,,58.0,,0.3634960651397705,,,,,,,,,,,,,,,,,,0.0,,,,,,,1,replay,1,replay
192.168.0.21,192.168.0.41,02:42:c0:a8:00:15,02:42:c0:a8:00:29,192.168.0.21,192.168.0.41,IPV4-ICMP,2022-09-16 12:48:39.022685,2022-09-16 12:48:39.509383,1663325319.022685,1663325319.509383,5639.512348,5639.999046,0.486699,0,2,0,184,,92.0,,92.0,,92.0,0.0,3024.457,0,128,,64.0,,64.0,,64.0,,0.4866979122161865,,,,,,,,,,,,,,,,,,0.0,,,,,,,1,replay,1,replay
192.168.0.11,192.168.0.41,02:42:c0:a8:00:0b,02:42:c0:a8:00:29,192.168.0.11,192.168.0.41,IPV4-ICMP,2022-09-16 12:48:39.509934,2022-09-16 12:48:39.509934,1663325319.509934,1663325319.509934,5639.999597,5639.999597,1e-06,0,1,0,93,,93.0,,93.0,,93.0,0.0,744000000.0,0,65,,65.0,,65.0,,65.0,,,,,,,,,,,,,,,,,,,,0.0,,,,,,,1,replay,1,replay
192.168.0.12,192.168.0.41,02:42:c0:a8:00:0c,02:42:c0:a8:00:29,192.168.0.12,192.168.0.41,IPV4-ICMP,2022-09-16 12:48:39.519448,2022-09-16 12:48:39.519448,1663325319.519448,1663325319.519448,5640.009111,5640.009111,1e-06,0,1,0,93,,93.0,,93.0,,93.0,0.0,744000000.0,0,65,,65.0,,65.0,,65.0,,,,,,,,,,,,,,,,,,,,0.0,,,,,,,1,replay,1,replay
192.168.0.21,192.168.0.41,02:42:c0:a8:00:15,02:42:c0:a8:00:29,192.168.0.21,192.168.0.41,IPV4-ICMP,2022-09-16 12:48:40.018987,2022-09-16 12:48:40.018987,1663325320.018987,1663325320.018987,5640.50865,5640.50865,1e-06,0,1,0,92,,92.0,,92.0,,92.0,0.0,736000000.0,0,64,,64.0,,64.0,,64.0,,,,,,,,,,,,,,,,,,,,0.0,,,,,,,1,replay,1,replay
192.168.0.21,192.168.0.41,02:42:c0:a8:00:15,02:42:c0:a8:00:29,192.168.0.21,192.168.0.41,IPV4-ICMP,2022-09-16 12:48:41.015937,2022-09-16 12:48:41.015937,1663325321.015937,1663325321.015937,5641.5056,5641.5056,1e-06,0,1,0,92,,92.0,,92.0,,92.0,0.0,736000000.0,0,64,,64.0,,64.0,,64.0,,,,,,,,,,,,,,,,,,,,0.0,,,,,,,1,replay,1,replay
192.168.0.11,192.168.0.41,02:42:c0:a8:00:0b,02:42:c0:a8:00:29,192.168.0.11,192.168.0.41,IPV4-ICMP,2022-09-16 12:48:40.803655,2022-09-16 12:48:40.803655,1663325320.803655,1663325320.803655,5641.293318,5641.293318,1e-06,0,1,0,92,,92.0,,92.0,,92.0,0.0,736000000.0,0,64,,64.0,,64.0,,64.0,,,,,,,,,,,,,,,,,,,,0.0,,,,,,,1,replay,1,replay
192.168.0.12,192.168.0.41,02:42:c0:a8:00:0c,02:42:c0:a8:00:29,192.168.0.12,192.168.0.41,IPV4-ICMP,2022-09-16 12:48:40.804389,2022-09-16 12:48:40.804389,1663325320.804389,1663325320.804389,5641.294052,5641.294052,1e-06,0,1,0,93,,93.0,,93.0,,93.0,0.0,744000000.0,0,65,,65.0,,65.0,,65.0,,,,,,,,,,,,,,,,,,,,0.0,,,,,,,1,replay,1,replay
192.168.0.21,192.168.0.41,02:42:c0:a8:00:15,02:42:c0:a8:00:29,192.168.0.21,192.168.0.41,IPV4-ICMP,2022-09-16 12:48:42.510572,2022-09-16 12:48:42.510572,1663325322.510572,1663325322.510572,5643.000235,5643.000235,1e-06,0,1,0,92,,92.0,,92.0,,92.0,0.0,736000000.0,0,64,,64.0,,64.0,,64.0,,,,,,,,,,,,,,,,,,,,0.0,,,,,,,1,replay,1,replay
192.168.0.11,192.168.0.41,02:42:c0:a8:00:0b,02:42:c0:a8:00:29,192.168.0.11,192.168.0.41,IPV4-ICMP,2022-09-16 12:48:43.401938,2022-09-16 12:48:43.401938,1663325323.401938,1663325323.401938,5643.891601,5643.891601,1e-06,0,1,0,92,,92.0,,92.0,,92.0,0.0,736000000.0,0,64,,64.0,,64.0,,64.0,,,,,,,,,,,,,,,,,,,,0.0,,,,,,,1,replay,1,replay
192.168.0.12,192.168.0.41,02:42:c0:a8:00:0c,02:42:c0:a8:00:29,192.168.0.12,192.168.0.41,IPV4-ICMP,2022-09-16 12:48:43.402614,2022-09-16 12:48:43.402614,1663325323.402614,1663325323.402614,5643.892277,5643.892277,1e-06,0,1,0,93,,93.0,,93.0,,93.0,0.0,744000000.0,0,65,,65.0,,65.0,,65.0,,,,,,,,,,,,,,,,,,,,0.0,,,,,,,1,replay,1,replay
192.168.0.21,192.168.0.41,02:42:c0:a8:00:15,02:42:c0:a8:00:29,192.168.0.21,192.168.0.41,IPV4-ICMP,2022-09-16 12:48:45.509593,2022-09-16 12:48:45.509593,1663325325.509593,1663325325.509593,5645.999256,5645.999256,1e-06,0,1,0,92,,92.0,,92.0,,92.0,0.0,736000000.0,0,64,,64.0,,64.0,,64.0,,,,,,,,,,,,,,,,,,,,0.0,,,,,,,1,replay,1,replay
192.168.0.12,192.168.0.41,02:42:c0:a8:00:0c,02:42:c0:a8:00:29,192.168.0.12,192.168.0.41,IPV4-ICMP,2022-09-16 12:48:48.526458,2022-09-16 12:48:48.526458,1663325328.526458,1663325328.526458,5649.016121,5649.016121,1e-06,0,1,0,93,,93.0,,93.0,,93.0,0.0,744000000.0,0,65,,65.0,,65.0,,65.0,,,,,,,,,,,,,,,,,,,,0.0,,,,,,,1,replay,1,replay
192.168.0.11,192.168.0.41,02:42:c0:a8:00:0b,02:42:c0:a8:00:29,192.168.0.11,192.168.0.41,IPV4-ICMP,2022-09-16 12:48:48.524779,2022-09-16 12:48:48.524779,1663325328.524779,1663325328.524779,5649.014442,5649.014442,1e-06,0,1,0,93,,93.0,,93.0,,93.0,0.0,744000000.0,0,65,,65.0,,65.0,,65.0,,,,,,,,,,,,,,,,,,,,0.0,,,,,,,1,replay,1,replay
192.168.0.21,192.168.0.41,02:42:c0:a8:00:15,02:42:c0:a8:00:29,192.168.0.21,192.168.0.41,IPV4-ICMP,2022-09-16 12:48:51.005648,2022-09-16 12:48:51.005648,1663325331.005648,1663325331.005648,5651.495311,5651.495311,1e-06,0,1,0,92,,92.0,,92.0,,92.0,0.0,736000000.0,0,64,,64.0,,64.0,,64.0,,,,,,,,,,,,,,,,,,,,0.0,,,,,,,1,replay,1,replay
192.168.0.12,192.168.0.41,02:42:c0:a8:00:0c,02:42:c0:a8:00:29,192.168.0.12,192.168.0.41,IPV4-ICMP,2022-09-16 12:59:47.200712,2022-09-16 12:59:47.533392,1663325987.200712,1663325987.533392,6307.690375,6308.023055,0.332681,0,3,0,277,,93.0,,92.0,,92.333,0.0,6661.036,0,193,,65.0,,64.0,,64.333,,0.1663399934768676,,,,,,,,,,,,,,,,,,0.0,,,,,,,1,replay,1,replay
192.168.0.21,192.168.0.41,02:42:c0:a8:00:15,02:42:c0:a8:00:29,192.168.0.21,192.168.0.41,IPV4-ICMP,2022-09-16 12:59:47.518312,2022-09-16 12:59:47.518312,1663325987.518312,1663325987.518312,6308.007975,6308.007975,1e-06,0,1,0,92,,92.0,,92.0,,92.0,0.0,736000000.0,0,64,,64.0,,64.0,,64.0,,,,,,,,,,,,,,,,,,,,0.0,,,,,,,1,replay,1,replay
192.168.0.11,192.168.0.41,02:42:c0:a8:00:0b,02:42:c0:a8:00:29,192.168.0.11,192.168.0.41,IPV4-ICMP,2022-09-16 12:59:47.401195,2022-09-16 12:59:47.802387,1663325987.401195,1663325987.802387,6307.890858,6308.29205,0.401193,0,4,0,372,,93.0,,93.0,,93.0,0.0,7417.877,0,260,,65.0,,65.0,,65.0,,0.1337306499481201,,,,,,,,,,,,,,,,,,0.0,,,,,,,1,replay,1,replay
192.168.0.11,192.168.0.41,02:42:c0:a8:00:0b,02:42:c0:a8:00:29,192.168.0.11,192.168.0.41,IPV4-ICMP,2022-09-16 12:59:48.201125,2022-09-16 12:59:48.201125,1663325988.201125,1663325988.201125,6308.690788,6308.690788,1e-06,0,1,0,93,,93.0,,93.0,,93.0,0.0,744000000.0,0,65,,65.0,,65.0,,65.0,,,,,,,,,,,,,,,,,,,,0.0,,,,,,,1,replay,1,replay
192.168.0.12,192.168.0.41,02:42:c0:a8:00:0c,02:42:c0:a8:00:29,192.168.0.12,192.168.0.41,IPV4-ICMP,2022-09-16 12:59:47.801698,2022-09-16 12:59:48.200875,1663325987.801698,1663325988.200875,6308.291361,6308.690538,0.399178,0,2,0,184,,92.0,,92.0,,92.0,0.0,3687.577,0,128,,64.0,,64.0,,64.0,,0.399177074432373,,,,,,,,,,,,,,,,,,0.0,,,,,,,1,replay,1,replay
192.168.0.21,192.168.0.41,02:42:c0:a8:00:15,02:42:c0:a8:00:29,192.168.0.21,192.168.0.41,IPV4-ICMP,2022-09-16 12:59:48.027708,2022-09-16 12:59:48.512866,1663325988.027708,1663325988.512866,6308.517371,6309.002529,0.485159,0,2,0,184,,92.0,,92.0,,92.0,0.0,3034.057,0,128,,64.0,,64.0,,64.0,,0.4851579666137695,,,,,,,,,,,,,,,,,,0.0,,,,,,,1,replay,1,replay
192.168.0.12,192.168.0.41,02:42:c0:a8:00:0c,02:42:c0:a8:00:29,192.168.0.12,192.168.0.41,IPV4-ICMP,2022-09-16 12:59:49.005343,2022-09-16 12:59:49.005343,1663325989.005343,1663325989.005343,6309.495006,6309.495006,1e-06,0,1,0,93,,93.0,,93.0,,93.0,0.0,744000000.0,0,65,,65.0,,65.0,,65.0,,,,,,,,,,,,,,,,,,,,0.0,,,,,,,1,replay,1,replay
192.168.0.11,192.168.0.41,02:42:c0:a8:00:0b,02:42:c0:a8:00:29,192.168.0.11,192.168.0.41,IPV4-ICMP,2022-09-16 12:59:49.001782,2022-09-16 12:59:49.001782,1663325989.001782,1663325989.001782,6309.491445,6309.491445,1e-06,0,1,0,92,,92.0,,92.0,,92.0,0.0,736000000.0,0,64,,64.0,,64.0,,64.0,,,,,,,,,,,,,,,,,,,,0.0,,,,,,,1,replay,1,replay
192.168.0.21,192.168.0.41,02:42:c0:a8:00:15,02:42:c0:a8:00:29,192.168.0.21,192.168.0.41,IPV4-ICMP,2022-09-16 12:59:49.006114,2022-09-16 12:59:49.504422,1663325989.006114,1663325989.504422,6309.495777,6309.994085,0.498309,0,2,0,184,,92.0,,92.0,,92.0,0.0,2953.991,0,128,,64.0,,64.0,,64.0,,0.4983079433441162,,,,,,,,,,,,,,,,,,0.0,,,,,,,1,replay,1,replay
192.168.0.21,192.168.0.41,02:42:c0:a8:00:15,02:42:c0:a8:00:29,192.168.0.21,192.168.0.41,IPV4-ICMP,2022-09-16 12:59:50.513188,2022-09-16 12:59:50.513188,1663325990.513188,1663325990.513188,6311.002851,6311.002851,1e-06,0,1,0,92,,92.0,,92.0,,92.0,0.0,736000000.0,0,64,,64.0,,64.0,,64.0,,,,,,,,,,,,,,,,,,,,0.0,,,,,,,1,replay,1,replay
192.168.0.12,192.168.0.41,02:42:c0:a8:00:0c,02:42:c0:a8:00:29,192.168.0.12,192.168.0.41,IPV4-ICMP,2022-09-16 12:59:50.400872,2022-09-16 12:59:50.400872,1663325990.400872,1663325990.400872,6310.890535,6310.890535,1e-06,0,1,0,92,,92.0,,92.0,,92.0,0.0,736000000.0,0,64,,64.0,,64.0,,64.0,,,,,,,,,,,,,,,,,,,,0.0,,,,,,,1,replay,1,replay
192.168.0.11,192.168.0.41,02:42:c0:a8:00:0b,02:42:c0:a8:00:29,192.168.0.11,192.168.0.41,IPV4-ICMP,2022-09-16 12:59:50.401384,2022-09-16 12:59:50.401384,1663325990.401384,1663325990.401384,6310.891047,6310.891047,1e-06,0,1,0,93,,93.0,,93.0,,93.0,0.0,744000000.0,0,65,,65.0,,65.0,,65.0,,,,,,,,,,,,,,,,,,,,0.0,,,,,,,1,replay,1,replay
192.168.0.21,192.168.0.41,02:42:c0:a8:00:15,02:42:c0:a8:00:29,192.168.0.21,192.168.0.41,IPV4-ICMP,2022-09-16 12:59:52.008992,2022-09-16 12:59:52.008992,1663325992.008992,1663325992.008992,6312.498655,6312.498655,1e-06,0,1,0,92,,92.0,,92.0,,92.0,0.0,736000000.0,0,64,,64.0,,64.0,,64.0,,,,,,,,,,,,,,,,,,,,0.0,,,,,,,1,replay,1,replay
192.168.0.12,192.168.0.41,02:42:c0:a8:00:0c,02:42:c0:a8:00:29,192.168.0.12,192.168.0.41,IPV4-ICMP,2022-09-16 12:59:53.001202,2022-09-16 12:59:53.001202,1663325993.001202,1663325993.001202,6313.490865,6313.490865,1e-06,0,1,0,92,,92.0,,92.0,,92.0,0.0,736000000.0,0,64,,64.0,,64.0,,64.0,,,,,,,,,,,,,,,,,,,,0.0,,,,,,,1,replay,1,replay
192.168.0.11,192.168.0.41,02:42:c0:a8:00:0b,02:42:c0:a8:00:29,192.168.0.11,192.168.0.41,IPV4-ICMP,2022-09-16 12:59:53.002847,2022-09-16 12:59:53.002847,1663325993.002847,1663325993.002847,6313.49251,6313.49251,1e-06,0,1,0,92,,92.0,,92.0,,92.0,0.0,736000000.0,0,64,,64.0,,64.0,,64.0,,,,,,,,,,,,,,,,,,,,0.0,,,,,,,1,replay,1,replay
192.168.0.21,192.168.0.41,02:42:c0:a8:00:15,02:42:c0:a8:00:29,192.168.0.21,192.168.0.41,IPV4-ICMP,2022-09-16 12:59:55.004391,2022-09-16 12:59:55.004391,1663325995.004391,1663325995.004391,6315.494054,6315.494054,1e-06,0,1,0,92,,92.0,,92.0,,92.0,0.0,736000000.0,0,64,,64.0,,64.0,,64.0,,,,,,,,,,,,,,,,,,,,0.0,,,,,,,1,replay,1,replay
192.168.0.23,192.168.0.41,02:42:c0:a8:00:17,02:42:c0:a8:00:29,192.168.0.23,192.168.0.41,IPV4-ICMP,2022-09-16 12:48:38.765064,2022-09-16 12:48:38.765064,1663325318.765064,1663325318.765064,5639.254727,5639.254727,1e-06,0,1,0,97,,97.0,,97.0,,97.0,0.0,776000000.0,0,69,,69.0,,69.0,,69.0,,,,,,,,,,,,,,,,,,,,0.0,,,,,,,1,replay,1,replay
192.168.0.12,192.168.0.41,02:42:c0:a8:00:0c,02:42:c0:a8:00:29,192.168.0.12,192.168.0.41,IPV4-ICMP,2022-09-16 12:59:58.201424,2022-09-16 12:59:58.201424,1663325998.201424,1663325998.201424,6318.691087,6318.691087,1e-06,0,1,0,92,,92.0,,92.0,,92.0,0.0,736000000.0,0,64,,64.0,,64.0,,64.0,,,,,,,,,,,,,,,,,,,,0.0,,,,,,,1,replay,1,replay
192.168.0.11,192.168.0.41,02:42:c0:a8:00:0b,02:42:c0:a8:00:29,192.168.0.11,192.168.0.41,IPV4-ICMP,2022-09-16 12:59:58.201785,2022-09-16 12:59:58.201785,1663325998.201785,1663325998.201785,6318.691448,6318.691448,1e-06,0,1,0,93,,93.0,,93.0,,93.0,0.0,744000000.0,0,65,,65.0,,65.0,,65.0,,,,,,,,,,,,,,,,,,,,0.0,,,,,,,1,replay,1,replay
192.168.0.12,192.168.0.41,02:42:c0:a8:00:0c,02:42:c0:a8:00:29,192.168.0.12,192.168.0.41,IPV4-ICMP,2022-09-16 13:10:50.401271,2022-09-16 13:10:50.800706,1663326650.401271,1663326650.800706,6970.890934,6971.290369,0.399436,0,3,0,276,,92.0,,92.0,,92.0,0.0,5527.797,0,192,,64.0,,64.0,,64.0,,0.1997174024581909,,,,,,,,,,,,,,,,,,0.0,,,,,,,1,replay,1,replay
192.168.0.21,192.168.0.41,02:42:c0:a8:00:15,02:42:c0:a8:00:29,192.168.0.21,192.168.0.41,IPV4-ICMP,2022-09-16 13:00:00.502367,2022-09-16 13:00:00.502367,1663326000.502367,1663326000.502367,6320.99203,6320.99203,1e-06,0,1,0,92,,92.0,,92.0,,92.0,0.0,736000000.0,0,64,,64.0,,64.0,,64.0,,,,,,,,,,,,,,,,,,,,0.0,,,,,,,1,replay,1,replay
192.168.0.11,192.168.0.41,02:42:c0:a8:00:0b,02:42:c0:a8:00:29,192.168.0.11,192.168.0.41,IPV4-ICMP,2022-09-16 13:10:50.602934,2022-09-16 13:10:51.002308,1663326650.602934,1663326651.002308,6971.092597,6971.491971,0.399375,0,3,0,278,,93.0,,92.0,,92.667,0.0,5568.701,0,194,,65.0,,64.0,,64.667,,0.1996870040893554,,,,,,,,,,,,,,,,,,0.0,,,,,,,1,replay,1,replay
192.168.0.21,192.168.0.41,02:42:c0:a8:00:15,02:42:c0:a8:00:29,192.168.0.21,192.168.0.41,IPV4-ICMP,2022-09-16 13:10:51.020253,2022-09-16 13:10:51.062910,1663326651.020253,1663326651.06291,6971.509916,6971.552573,0.042658,0,2,0,172,,92.0,,80.0,,86.0,0.0,32256.449,0,116,,64.0,,52.0,,58.0,,0.0426571369171142,,,,,,,,,,,,,,,,,,0.0,,,,,,,1,replay,1,replay
192.168.0.12,192.168.0.41,02:42:c0:a8:00:0c,02:42:c0:a8:00:29,192.168.0.12,192.168.0.41,IPV4-ICMP,2022-09-16 13:10:51.001307,2022-09-16 13:10:51.400751,1663326651.001307,1663326651.400751,6971.49097,6971.890414,0.399445,0,2,0,184,,92.0,,92.0,,92.0,0.0,3685.112,0,128,,64.0,,64.0,,64.0,,0.3994441032409668,,,,,,,,,,,,,,,,,,0.0,,,,,,,1,replay,1,replay
192.168.0.11,192.168.0.41,02:42:c0:a8:00:0b,02:42:c0:a8:00:29,192.168.0.11,192.168.0.41,IPV4-ICMP,2022-09-16 13:10:51.201793,2022-09-16 13:10:51.529725,1663326651.201793,1663326651.529725,6971.691456,6972.019388,0.327933,0,2,0,186,,93.0,,93.0,,93.0,0.0,4537.511,0,130,,65.0,,65.0,,65.0,,0.3279321193695068,,,,,,,,,,,,,,,,,,0.0,,,,,,,1,replay,1,replay
192.168.0.21,192.168.0.41,02:42:c0:a8:00:15,02:42:c0:a8:00:29,192.168.0.21,192.168.0.41,IPV4-ICMP,2022-09-16 13:10:51.529131,2022-09-16 13:10:52.020132,1663326651.529131,1663326652.020132,6972.018794,6972.509795,0.491002,0,2,0,184,,92.0,,92.0,,92.0,0.0,2997.95,0,128,,64.0,,64.0,,64.0,,0.4910011291503906,,,,,,,,,,,,,,,,,,0.0,,,,,,,1,replay,1,replay
192.168.0.21,192.168.0.41,02:42:c0:a8:00:15,02:42:c0:a8:00:29,192.168.0.21,192.168.0.41,IPV4-ICMP,2022-09-16 13:10:52.514599,2022-09-16 13:10:52.514599,1663326652.514599,1663326652.514599,6973.004262,6973.004262,1e-06,0,1,0,92,,92.0,,92.0,,92.0,0.0,736000000.0,0,64,,64.0,,64.0,,64.0,,,,,,,,,,,,,,,,,,,,0.0,,,,,,,1,replay,1,replay
192.168.0.11,192.168.0.41,02:42:c0:a8:00:0b,02:42:c0:a8:00:29,192.168.0.11,192.168.0.41,IPV4-ICMP,2022-09-16 13:10:52.202922,2022-09-16 13:10:52.202922,1663326652.202922,1663326652.202922,6972.692585,6972.692585,1e-06,0,1,0,92,,92.0,,92.0,,92.0,0.0,736000000.0,0,64,,64.0,,64.0,,64.0,,,,,,,,,,,,,,,,,,,,0.0,,,,,,,1,replay,1,replay
192.168.0.12,192.168.0.41,02:42:c0:a8:00:0c,02:42:c0:a8:00:29,192.168.0.12,192.168.0.41,IPV4-ICMP,2022-09-16 13:10:52.201833,2022-09-16 13:10:52.201833,1663326652.201833,1663326652.201833,6972.691496,6972.691496,1e-06,0,1,0,92,,92.0,,92.0,,92.0,0.0,736000000.0,0,64,,64.0,,64.0,,64.0,,,,,,,,,,,,,,,,,,,,0.0,,,,,,,1,replay,1,replay
192.168.0.21,192.168.0.41,02:42:c0:a8:00:15,02:42:c0:a8:00:29,192.168.0.21,192.168.0.41,IPV4-ICMP,2022-09-16 13:10:53.511897,2022-09-16 13:10:53.511897,1663326653.511897,1663326653.511897,6974.00156,6974.00156,1e-06,0,1,0,92,,92.0,,92.0,,92.0,0.0,736000000.0,0,64,,64.0,,64.0,,64.0,,,,,,,,,,,,,,,,,,,,0.0,,,,,,,1,replay,1,replay
192.168.0.12,192.168.0.41,02:42:c0:a8:00:0c,02:42:c0:a8:00:29,192.168.0.12,192.168.0.41,IPV4-ICMP,2022-09-16 13:10:53.525051,2022-09-16 13:10:53.525051,1663326653.525051,1663326653.525051,6974.014714,6974.014714,1e-06,0,1,0,93,,93.0,,93.0,,93.0,0.0,744000000.0,0,65,,65.0,,65.0,,65.0,,,,,,,,,,,,,,,,,,,,0.0,,,,,,,1,replay,1,replay
192.168.0.11,192.168.0.41,02:42:c0:a8:00:0b,02:42:c0:a8:00:29,192.168.0.11,192.168.0.41,IPV4-ICMP,2022-09-16 13:10:53.513886,2022-09-16 13:10:53.513886,1663326653.513886,1663326653.513886,6974.003549,6974.003549,1e-06,0,1,0,93,,93.0,,93.0,,93.0,0.0,744000000.0,0,65,,65.0,,65.0,,65.0,,,,,,,,,,,,,,,,,,,,0.0,,,,,,,1,replay,1,replay
192.168.0.21,192.168.0.41,02:42:c0:a8:00:15,02:42:c0:a8:00:29,192.168.0.21,192.168.0.41,IPV4-ICMP,2022-09-16 13:10:55.038311,2022-09-16 13:10:55.038311,1663326655.038311,1663326655.038311,6975.527974,6975.527974,1e-06,0,1,0,92,,92.0,,92.0,,92.0,0.0,736000000.0,0,64,,64.0,,64.0,,64.0,,,,,,,,,,,,,,,,,,,,0.0,,,,,,,1,replay,1,replay
192.168.0.11,192.168.0.41,02:42:c0:a8:00:0b,02:42:c0:a8:00:29,192.168.0.11,192.168.0.41,IPV4-ICMP,2022-09-16 13:10:56.201706,2022-09-16 13:10:56.201706,1663326656.201706,1663326656.201706,6976.691369,6976.691369,1e-06,0,1,0,93,,93.0,,93.0,,93.0,0.0,744000000.0,0,65,,65.0,,65.0,,65.0,,,,,,,,,,,,,,,,,,,,0.0,,,,,,,1,replay,1,replay
192.168.0.12,192.168.0.41,02:42:c0:a8:00:0c,02:42:c0:a8:00:29,192.168.0.12,192.168.0.41,IPV4-ICMP,2022-09-16 13:10:56.201354,2022-09-16 13:10:56.201354,1663326656.201354,1663326656.201354,6976.691017,6976.691017,1e-06,0,1,0,92,,92.0,,92.0,,92.0,0.0,736000000.0,0,64,,64.0,,64.0,,64.0,,,,,,,,,,,,,,,,,,,,0.0,,,,,,,1,replay,1,replay
192.168.0.21,192.168.0.41,02:42:c0:a8:00:15,02:42:c0:a8:00:29,192.168.0.21,192.168.0.41,IPV4-ICMP,2022-09-16 13:10:58.020362,2022-09-16 13:10:58.020362,1663326658.020362,1663326658.020362,6978.510025,6978.510025,1e-06,0,1,0,92,,92.0,,92.0,,92.0,0.0,736000000.0,0,64,,64.0,,64.0,,64.0,,,,,,,,,,,,,,,,,,,,0.0,,,,,,,1,replay,1,replay
192.168.0.23,192.168.0.41,02:42:c0:a8:00:17,02:42:c0:a8:00:29,192.168.0.23,192.168.0.41,IPV4-ICMP,2022-09-16 13:00:01.062027,2022-09-16 13:00:01.062027,1663326001.062027,1663326001.062027,6321.55169,6321.55169,1e-06,0,1,0,97,,97.0,,97.0,,97.0,0.0,776000000.0,0,69,,69.0,,69.0,,69.0,,,,,,,,,,,,,,,,,,,,0.0,,,,,,,1,replay,1,replay
192.168.0.11,192.168.0.41,02:42:c0:a8:00:0b,02:42:c0:a8:00:29,192.168.0.11,192.168.0.41,IPV4-ICMP,2022-09-16 13:11:01.401338,2022-09-16 13:11:01.401338,1663326661.401338,1663326661.401338,6981.891001,6981.891001,1e-06,0,1,0,92,,92.0,,92.0,,92.0,0.0,736000000.0,0,64,,64.0,,64.0,,64.0,,,,,,,,,,,,,,,,,,,,0.0,,,,,,,1,replay,1,replay
192.168.0.12,192.168.0.41,02:42:c0:a8:00:0c,02:42:c0:a8:00:29,192.168.0.12,192.168.0.41,IPV4-ICMP,2022-09-16 13:11:01.401604,2022-09-16 13:11:01.401604,1663326661.401604,1663326661.401604,6981.891267,6981.891267,1e-06,0,1,0,93,,93.0,,93.0,,93.0,0.0,744000000.0,0,65,,65.0,,65.0,,65.0,,,,,,,,,,,,,,,,,,,,0.0,,,,,,,1,replay,1,replay
192.168.0.21,192.168.0.41,02:42:c0:a8:00:15,02:42:c0:a8:00:29,192.168.0.21,192.168.0.41,IPV4-ICMP,2022-09-16 13:11:03.511387,2022-09-16 13:11:03.511387,1663326663.511387,1663326663.511387,6984.00105,6984.00105,1e-06,0,1,0,92,,92.0,,92.0,,92.0,0.0,736000000.0,0,64,,64.0,,64.0,,64.0,,,,,,,,,,,,,,,,,,,,0.0,,,,,,,1,replay,1,replay
192.168.0.23,192.168.0.41,02:42:c0:a8:00:17,02:42:c0:a8:00:29,192.168.0.23,192.168.0.41,IPV4-ICMP,2022-09-16 13:11:05.744681,2022-09-16 13:11:05.744681,1663326665.744681,1663326665.744681,6986.234344,6986.234344,1e-06,0,1,0,97,,97.0,,97.0,,97.0,0.0,776000000.0,0,69,,69.0,,69.0,,69.0,,,,,,,,,,,,,,,,,,,,0.0,,,,,,,1,replay,1,replay
