sAddress,rAddress,sMACs,rMACs,sIPs,rIPs,protocol,start,end,startOffset,endOffset,duration,sPackets,rPackets,sBytesSum,rBytesSum,sBytesMax,rBytesMax,sBytesMin,rBytesMin,sBytesAvg,rBytesAvg,sLoad,rLoad,sPayloadSum,rPayloadSum,sPayloadMax,rPayloadMax,sPayloadMin,rPayloadMin,sPayloadAvg,rPayloadAvg,sInterPacketAvg,rInterPacketAvg,sttl,rttl,sAckRate,rAckRate,sUrgRate,rUrgRate,sFinRate,rFinRate,sPshRate,rPshRate,sSynRate,rSynRate,sRstRate,rRstRate,sWinTCP,rWinTCP,sFragmentRate,rFragmentRate,sAckDelayMax,rAckDelayMax,sAckDelayMin,rAckDelayMin,sAckDelayAvg,rAckDelayAvg,IT_B_Label,IT_M_Label,NST_B_Label,NST_M_Label,start_hour,start_day,start_month,end_hour,end_day,end_month,duration_seconds
0,0,0,0,0,0,0,0.0,0.0,0.0,0.0,0.7979663180201801,0.0,0.6666666666666667,0.0,0.6780821917808219,,0.7647058823529411,,0.7058823529411766,,0.745117647058823,0.0,3.4009072760946975e-06,0.0,0.6826923076923077,,0.7647058823529411,,0.7058823529411766,,0.7451176470588239,,0.3427170094467276,,,,,,,,,,,,,,,,,,0.0,,,,,,,1.0,replay,1.0,replay,12,16,9,12,16,9,0.7979663180201804
1,0,1,0,1,0,0,6.695778574794531e-05,6.770854815840721e-05,6.695780399579299e-05,6.770847315795692e-05,0.8023411223580595,0.0,0.6666666666666667,0.0,0.6712328767123288,,0.7058823529411766,,0.7058823529411766,,0.7058823529411766,0.0,3.3100357961545775e-06,0.0,0.6730769230769231,,0.7058823529411766,,0.7058823529411766,,0.7058823529411766,,0.3451093013691318,,,,,,,,,,,,,,,,,,0.0,,,,,,,1.0,replay,1.0,replay,12,16,9,12,16,9,0.8023411223580597
2,0,2,0,2,0,0,0.0002421000972390175,0.00010686262976378202,0.0002421000882493196,0.00010686251229818922,0.0,0.0,0.0,0.0,0.0410958904109589,,0.7058823529411766,,0.7058823529411766,,0.7058823529411766,0.0,0.9484534120255709,0.0,0.05769230769230771,,0.7058823529411766,,0.7058823529411766,,0.7058823529411766,,,,,,,,,,,,,,,,,,,,0.0,,,,,,,1.0,replay,1.0,replay,12,16,9,12,16,9,0.0
0,0,0,0,0,0,0,0.00020303705241531134,0.000204298528842628,0.00020303706077551276,0.000204298390732216,0.8052449489071014,0.0,0.3333333333333333,0.0,0.363013698630137,,0.7647058823529411,,0.7647058823529411,,0.7647058823529411,0.0,9.72061690027685e-07,0.0,0.375,,0.7647058823529411,,0.7647058823529411,,0.7647058823529411,,0.7870127641227372,,,,,,,,,,,,,,,,,,0.0,,,,,,,1.0,replay,1.0,replay,12,16,9,12,16,9,0.8052449489071017
1,0,1,0,1,0,0,0.0003392343642190099,0.00020401005167514086,0.0003392343471304571,0.00020400991056201967,0.0,0.0,0.0,0.0,0.0410958904109589,,0.7058823529411766,,0.7058823529411766,,0.7058823529411766,0.0,0.9484534120255709,0.0,0.05769230769230771,,0.7058823529411766,,0.7058823529411766,,0.7058823529411766,,,,,,,,,,,,,,,,,,,,0.0,,,,,,,1.0,replay,1.0,replay,12,16,9,12,16,9,0.0
2,0,2,0,2,0,0,0.0004147841827943921,0.00044397718738764524,0.0004147841599904112,0.0004439771053590391,0.969845958724323,0.0,0.3333333333333333,0.0,0.3561643835616438,,0.7058823529411766,,0.7058823529411766,,0.7058823529411766,0.0,1.1835483198338677e-07,0.0,0.3653846153846154,,0.7058823529411766,,0.7058823529411766,,0.7058823529411766,,0.9670233128115288,,,,,,,,,,,,,,,,,,0.0,,,,,,,1.0,replay,1.0,replay,12,16,9,12,16,9,0.9698459587243232
0,0,0,0,0,0,0,0.0005793286254629493,0.00044413679279386997,0.0005793286128830122,0.0004441366539438274,0.0,0.0,0.0,0.0,0.04452054794520549,,0.7647058823529411,,0.7647058823529411,,0.7647058823529411,0.0,0.9587627296204567,0.0,0.0625,,0.7647058823529411,,0.7647058823529411,,0.7647058823529411,,,,,,,,,,,,,,,,,,,,0.0,,,,,,,1.0,replay,1.0,replay,12,16,9,12,16,9,0.0
1,0,1,0,1,0,0,0.0005820296937599778,0.000446838210336864,0.0005820296874035069,0.0004468380938396077,0.0,0.0,0.0,0.0,0.04452054794520549,,0.7647058823529411,,0.7647058823529411,,0.7647058823529411,0.0,0.9587627296204567,0.0,0.0625,,0.7647058823529411,,0.7647058823529411,,0.7647058823529411,,,,,,,,,,,,,,,,,,,,0.0,,,,,,,1.0,replay,1.0,replay,12,16,9,12,16,9,0.0
2,0,2,0,2,0,0,0.0007552702445536852,0.0006201021606102586,0.0007552702328779137,0.0006201020736189555,0.0,0.0,0.0,0.0,0.0410958904109589,,0.7058823529411766,,0.7058823529411766,,0.7058823529411766,0.0,0.9484534120255709,0.0,0.05769230769230771,,0.7058823529411766,,0.7058823529411766,,0.7058823529411766,,,,,,,,,,,,,,,,,,,,0.0,,,,,,,1.0,replay,1.0,replay,12,16,9,12,16,9,0.0
2,0,2,0,2,0,0,0.001106104115024209,0.0009709835285320878,0.0011061041321180909,0.0009709834302746856,0.0,0.0,0.0,0.0,0.0410958904109589,,0.7058823529411766,,0.7058823529411766,,0.7058823529411766,0.0,0.9484534120255709,0.0,0.05769230769230771,,0.7058823529411766,,0.7058823529411766,,0.7058823529411766,,,,,,,,,,,,,,,,,,,,0.0,,,,,,,1.0,replay,1.0,replay,12,16,9,12,16,9,0.0
0,0,0,0,0,0,0,0.0010203422280028462,0.0008852099999785423,0.0010203422099102077,0.0008852099070235653,0.0,0.0,0.0,0.0,0.0410958904109589,,0.7058823529411766,,0.7058823529411766,,0.7058823529411766,0.0,0.9484534120255709,0.0,0.05769230769230771,,0.7058823529411766,,0.7058823529411766,,0.7058823529411766,,,,,,,,,,,,,,,,,,,,0.0,,,,,,,1.0,replay,1.0,replay,12,16,9,12,16,9,0.0
1,0,1,0,1,0,0,0.0010205323342233896,0.0008854001061990857,0.0010205323497738394,0.0008854000726075117,0.0,0.0,0.0,0.0,0.04452054794520549,,0.7647058823529411,,0.7647058823529411,,0.7647058823529411,0.0,0.9587627296204567,0.0,0.0625,,0.7647058823529411,,0.7647058823529411,,0.7647058823529411,,,,,,,,,,,,,,,,,,,,0.0,,,,,,,1.0,replay,1.0,replay,12,16,9,12,16,9,0.0
2,0,2,0,2,0,0,0.0015996912261471152,0.0014646373456344008,0.0015996912313651634,0.001464637297208915,0.0,0.0,0.0,0.0,0.0410958904109589,,0.7058823529411766,,0.7058823529411766,,0.7058823529411766,0.0,0.9484534120255709,0.0,0.05769230769230771,,0.7058823529411766,,0.7058823529411766,,0.7058823529411766,,,,,,,,,,,,,,,,,,,,0.0,,,,,,,1.0,replay,1.0,replay,12,16,9,12,16,9,0.0
1,0,1,0,1,0,0,0.0019041007617488503,0.0017690880922600627,0.0019041007311664249,0.0017690879745819732,0.0,0.0,0.0,0.0,0.04452054794520549,,0.7647058823529411,,0.7647058823529411,,0.7647058823529411,0.0,0.9587627296204567,0.0,0.0625,,0.7647058823529411,,0.7647058823529411,,0.7647058823529411,,,,,,,,,,,,,,,,,,,,0.0,,,,,,,1.0,replay,1.0,replay,12,16,9,12,16,9,0.0
0,0,0,0,0,0,0,0.0019039602484554052,0.0017689475789666176,0.0019039602521615517,0.0017689474765745228,0.0,0.0,0.0,0.0,0.0410958904109589,,0.7058823529411766,,0.7058823529411766,,0.7058823529411766,0.0,0.9484534120255709,0.0,0.05769230769230771,,0.7058823529411766,,0.7058823529411766,,0.7058823529411766,,,,,,,,,,,,,,,,,,,,0.0,,,,,,,1.0,replay,1.0,replay,12,16,9,12,16,9,0.0
2,0,2,0,2,0,0,0.002621266758069396,0.00248635106254369,0.00262126679931729,0.002486351054020064,0.0,0.0,0.0,0.0,0.0410958904109589,,0.7058823529411766,,0.7058823529411766,,0.7058823529411766,0.0,0.9484534120255709,0.0,0.05769230769230771,,0.7058823529411766,,0.7058823529411766,,0.7058823529411766,,,,,,,,,,,,,,,,,,,,0.0,,,,,,,1.0,replay,1.0,replay,12,16,9,12,16,9,0.0
0,0,0,0,0,0,0,0.0036729038693010807,0.0035381304332986474,0.003672903853865206,0.003538130363853975,0.0,0.0,0.0,0.0,0.04452054794520549,,0.7647058823529411,,0.7647058823529411,,0.7647058823529411,0.0,0.9587627296204567,0.0,0.0625,,0.7647058823529411,,0.7647058823529411,,0.7647058823529411,,,,,,,,,,,,,,,,,,,,0.0,,,,,,,1.0,replay,1.0,replay,12,16,9,12,16,9,0.0
1,0,1,0,1,0,0,0.0036726490361616015,0.0035378756001591682,0.0036726490868566053,0.0035378755623829417,0.0,0.0,0.0,0.0,0.0410958904109589,,0.7058823529411766,,0.7058823529411766,,0.7058823529411766,0.0,0.9484534120255709,0.0,0.05769230769230771,,0.7058823529411766,,0.7058823529411766,,0.7058823529411766,,,,,,,,,,,,,,,,,,,,0.0,,,,,,,1.0,replay,1.0,replay,12,16,9,12,16,9,0.0
2,0,2,0,2,0,0,0.004490144434385002,0.004355481476522982,0.004490144375854932,0.004355481434234587,0.0,0.0,0.0,0.0,0.0410958904109589,,0.7058823529411766,,0.7058823529411766,,0.7058823529411766,0.0,0.9484534120255709,0.0,0.05769230769230771,,0.7058823529411766,,0.7058823529411766,,0.7058823529411766,,,,,,,,,,,,,,,,,,,,0.0,,,,,,,1.0,replay,1.0,replay,12,16,9,12,16,9,0.0
0,0,0,0,0,0,0,0.07115740387234837,0.07116744096856564,0.07115740377548452,0.07116744088915761,0.8003945351068013,0.0,0.6666666666666667,0.0,0.6746575342465753,,0.7647058823529411,,0.7058823529411766,,0.7254705882352939,0.0,3.3531893109420687e-06,0.0,0.6778846153846154,,0.7647058823529411,,0.7058823529411766,,0.7254705882352943,,0.3440450140178259,,,,,,,,,,,,,,,,,,0.0,,,,,,,1.0,replay,1.0,replay,12,16,9,12,16,9,0.8003945351068015
1,0,1,0,1,0,0,0.07115750783123076,0.07116737437900156,0.07115750785920238,0.07116737421213726,0.7993871260345006,0.0,0.6666666666666667,0.0,0.6712328767123288,,0.7058823529411766,,0.7058823529411766,,0.7058823529411766,0.0,3.336329710680333e-06,0.0,0.6730769230769231,,0.7058823529411766,,0.7058823529411766,,0.7058823529411766,,0.3434942950221281,,,,,,,,,,,,,,,,,,0.0,,,,,,,1.0,replay,1.0,replay,12,16,9,12,16,9,0.7993871260345008
2,0,2,0,2,0,0,0.07132787175942212,0.07120225008111447,0.07132787181643607,0.07120225003592284,0.0,0.0,0.0,0.0,0.0410958904109589,,0.7058823529411766,,0.7058823529411766,,0.7058823529411766,0.0,0.9484534120255709,0.0,0.05769230769230771,,0.7058823529411766,,0.7058823529411766,,0.7058823529411766,,,,,,,,,,,,,,,,,,,,0.0,,,,,,,1.0,replay,1.0,replay,12,16,9,12,16,9,0.0
0,0,0,0,0,0,0,0.07136143278330564,0.07137344300281256,0.07136143269286532,0.07137344294580084,0.8118713727253023,0.0,0.3333333333333333,0.0,0.3595890410958904,,0.7647058823529411,,0.7058823529411766,,0.7352941176470589,0.0,9.07576908471675e-07,0.0,0.3701923076923077,,0.7647058823529411,,0.7058823529411766,,0.7352941176470589,,0.7942592319340621,,,,,,,,,,,,,,,,,,0.0,,,,,,,1.0,replay,1.0,replay,12,16,9,12,16,9,0.8118713727253024
1,0,1,0,1,0,0,0.07136170996818691,0.07137207349296659,0.07136170990930357,0.07137207334537021,0.8021564975878371,0.0,0.3333333333333333,0.0,0.3595890410958904,,0.7647058823529411,,0.7058823529411766,,0.7352941176470589,0.0,9.646699093121527e-07,0.0,0.3701923076923077,,0.7647058823529411,,0.7058823529411766,,0.7352941176470589,,0.7836351953652745,,,,,,,,,,,,,,,,,,0.0,,,,,,,1.0,replay,1.0,replay,12,16,9,12,16,9,0.8021564975878372
2,0,2,0,2,0,0,0.0715032781008631,0.0715465375687927,0.07150327805155565,0.07154653751151807,0.9960987983335606,0.0,0.3333333333333333,0.0,0.3561643835616438,,0.7058823529411766,,0.7058823529411766,,0.7058823529411766,0.0,1.490856190690387e-08,0.0,0.3653846153846154,,0.7058823529411766,,0.7058823529411766,,0.7058823529411766,,0.9957334321226409,,,,,,,,,,,,,,,,,,0.0,,,,,,,1.0,replay,1.0,replay,12,16,9,12,16,9,0.996098798333561
0,0,0,0,0,0,0,0.07172725780401379,0.07160169002600014,0.07172725770875932,0.0716016899533054,0.0,0.0,0.0,0.0,0.0,,0.0,,0.0,,0.0,0.0,0.8247416008869412,0.0,0.0,,0.0,,0.0,,0.0,,,,,,,,,,,,,,,,,,,,0.0,,,,,,,1.0,replay,1.0,replay,12,16,9,12,16,9,0.0
1,0,1,0,1,0,0,0.07177082321140915,0.07164526137057692,0.07177082320738637,0.07164526134505178,0.0,0.0,0.0,0.0,0.04452054794520549,,0.7647058823529411,,0.7647058823529411,,0.7647058823529411,0.0,0.9587627296204567,0.0,0.0625,,0.7647058823529411,,0.7647058823529411,,0.7647058823529411,,,,,,,,,,,,,,,,,,,,0.0,,,,,,,1.0,replay,1.0,replay,12,16,9,12,16,9,0.0
3,0,3,0,3,0,0,0.0627994475653395,0.06267267221119255,0.06279944755940892,0.06267267213617544,0.0,0.0,0.0,0.0,0.05821917808219179,,1.0,,1.0,,1.0,0.0,0.9999999999999999,0.0,0.08173076923076927,,1.0,,1.0,,1.0,,,,,,,,,,,,,,,,,,,,0.0,,,,,,,0.0,Normal,0.0,Normal,12,16,9,12,16,9,0.0
2,0,2,0,2,0,0,0.0718467622064054,0.07188294397201389,0.07184676214368824,0.07188294383133087,0.954072581616189,0.0,0.3333333333333333,0.0,0.3561643835616438,,0.7058823529411766,,0.7058823529411766,,0.7058823529411766,0.0,1.832481202490953e-07,0.0,0.3653846153846154,,0.7058823529411766,,0.7058823529411766,,0.7058823529411766,,0.949772857847,,,,,,,,,,,,,,,,,,0.0,,,,,,,1.0,replay,1.0,replay,12,16,9,12,16,9,0.9540725816161892
2,0,2,0,2,0,0,0.07235451485030353,0.0722290319390595,0.07235451483284683,0.07222903192666785,0.0,0.0,0.0,0.0,0.0410958904109589,,0.7058823529411766,,0.7058823529411766,,0.7058823529411766,0.0,0.9484534120255709,0.0,0.05769230769230771,,0.7058823529411766,,0.7058823529411766,,0.7058823529411766,,,,,,,,,,,,,,,,,,,,0.0,,,,,,,1.0,replay,1.0,replay,12,16,9,12,16,9,0.0
0,0,0,0,0,0,0,0.07217763341031969,0.07205212663393468,0.07217763339810523,0.07205212656511728,0.0,0.0,0.0,0.0,0.04452054794520549,,0.7647058823529411,,0.7647058823529411,,0.7647058823529411,0.0,0.9587627296204567,0.0,0.0625,,0.7647058823529411,,0.7647058823529411,,0.7647058823529411,,,,,,,,,,,,,,,,,,,,0.0,,,,,,,1.0,replay,1.0,replay,12,16,9,12,16,9,0.0
1,0,1,0,1,0,0,0.07224578142631799,0.0721202838467434,0.07224578136199855,0.07212028374740775,0.0,0.0,0.0,0.0,0.0410958904109589,,0.7058823529411766,,0.7058823529411766,,0.7058823529411766,0.0,0.9484534120255709,0.0,0.05769230769230771,,0.7058823529411766,,0.7058823529411766,,0.7058823529411766,,,,,,,,,,,,,,,,,,,,0.0,,,,,,,1.0,replay,1.0,replay,12,16,9,12,16,9,0.0
2,0,2,0,2,0,0,0.07286377064883709,0.07273835665546358,0.07286377061334215,0.07273835659435801,0.0,0.0,0.0,0.0,0.0410958904109589,,0.7058823529411766,,0.7058823529411766,,0.7058823529411766,0.0,0.9484534120255709,0.0,0.05769230769230771,,0.7058823529411766,,0.7058823529411766,,0.7058823529411766,,,,,,,,,,,,,,,,,,,,0.0,,,,,,,1.0,replay,1.0,replay,12,16,9,12,16,9,0.0
0,0,0,0,0,0,0,0.07306484878063202,0.07293946202844381,0.07306484879133635,0.07293946197226275,0.0,0.0,0.0,0.0,0.0410958904109589,,0.7058823529411766,,0.7058823529411766,,0.7058823529411766,0.0,0.9484534120255709,0.0,0.05769230769230771,,0.7058823529411766,,0.7058823529411766,,0.7058823529411766,,,,,,,,,,,,,,,,,,,,0.0,,,,,,,1.0,replay,1.0,replay,12,16,9,12,16,9,0.0
1,0,1,0,1,0,0,0.07313126884400845,0.07300589105580002,0.07313126882945675,0.07300589099504351,0.0,0.0,0.0,0.0,0.04452054794520549,,0.7647058823529411,,0.7647058823529411,,0.7647058823529411,0.0,0.9587627296204567,0.0,0.0625,,0.7647058823529411,,0.7647058823529411,,0.7647058823529411,,,,,,,,,,,,,,,,,,,,0.0,,,,,,,1.0,replay,1.0,replay,12,16,9,12,16,9,0.0
2,0,2,0,2,0,0,0.07388267607893795,0.07375739992130548,0.07388267605977439,0.0737573998684613,0.0,0.0,0.0,0.0,0.0410958904109589,,0.7058823529411766,,0.7058823529411766,,0.7058823529411766,0.0,0.9484534120255709,0.0,0.05769230769230771,,0.7058823529411766,,0.7058823529411766,,0.7058823529411766,,,,,,,,,,,,,,,,,,,,0.0,,,,,,,1.0,replay,1.0,replay,12,16,9,12,16,9,0.0
1,0,1,0,1,0,0,0.0748991274740547,0.0747739888029173,0.07489912737540938,0.07477398867979579,0.0,0.0,0.0,0.0,0.04452054794520549,,0.7647058823529411,,0.7647058823529411,,0.7647058823529411,0.0,0.9587627296204567,0.0,0.0625,,0.7647058823529411,,0.7647058823529411,,0.7647058823529411,,,,,,,,,,,,,,,,,,,,0.0,,,,,,,1.0,replay,1.0,replay,12,16,9,12,16,9,0.0
0,0,0,0,0,0,0,0.07483052334282547,0.07470537535846233,0.07483052327992867,0.07470537530421684,0.0,0.0,0.0,0.0,0.04452054794520549,,0.7647058823529411,,0.7647058823529411,,0.7647058823529411,0.0,0.9587627296204567,0.0,0.0625,,0.7647058823529411,,0.7647058823529411,,0.7647058823529411,,,,,,,,,,,,,,,,,,,,0.0,,,,,,,1.0,replay,1.0,replay,12,16,9,12,16,9,0.0
2,0,2,0,2,0,0,0.0757520393235609,0.07562701613642275,0.0757520393603286,0.0756270160383965,0.0,0.0,0.0,0.0,0.0410958904109589,,0.7058823529411766,,0.7058823529411766,,0.7058823529411766,0.0,0.9484534120255709,0.0,0.05769230769230771,,0.7058823529411766,,0.7058823529411766,,0.7058823529411766,,,,,,,,,,,,,,,,,,,,0.0,,,,,,,1.0,replay,1.0,replay,12,16,9,12,16,9,0.0
1,0,1,0,1,0,0,0.2238812168361619,0.22391264198813587,0.22388121679584638,0.22391264193409754,0.8046950881783955,0.0,0.6666666666666667,0.0,0.6712328767123288,,0.7058823529411766,,0.7058823529411766,,0.7058823529411766,0.0,3.2892174179364036e-06,0.0,0.6730769230769231,,0.7058823529411766,,0.7058823529411766,,0.7058823529411766,,0.3463964925609768,,,,,,,,,,,,,,,,,,0.0,,,,,,,1.0,replay,1.0,replay,12,16,9,12,16,9,0.8046950881783957
0,0,0,0,0,0,0,0.22388141648843884,0.2239129056688398,0.22388141645971005,0.22391290558047983,0.8050723648827631,0.0,0.6666666666666667,0.0,0.6815068493150684,,0.7647058823529411,,0.7647058823529411,,0.7647058823529411,0.0,3.3629870286513084e-06,0.0,0.6875,,0.7647058823529411,,0.7647058823529411,,0.7647058823529411,,0.3466026524510527,,,,,,,,,,,,,,,,,,0.0,,,,,,,1.0,replay,1.0,replay,12,16,9,12,16,9,0.8050723648827632
2,0,2,0,2,0,0,0.2239042513538152,0.22394937940407544,0.22390425127091684,0.2239493792714342,0.8855105677613041,0.0,0.3333333333333333,0.0,0.31506849315068486,,0.7058823529411766,,0.0,,0.35294117647058787,0.0,2.118126619751254e-07,0.0,0.3076923076923077,,0.7058823529411766,,0.0,,0.3529411764705883,,0.874792401176681,,,,,,,,,,,,,,,,,,0.0,,,,,,,1.0,replay,1.0,replay,12,16,9,12,16,9,0.8855105677613043
1,0,1,0,1,0,0,0.22408546414226294,0.2241163052385673,0.22408546408494878,0.22411630519219106,0.8010868779951354,0.0,0.3333333333333333,0.0,0.3561643835616438,,0.7058823529411766,,0.7058823529411766,,0.7058823529411766,0.0,9.452162270106031e-07,0.0,0.3653846153846154,,0.7058823529411766,,0.7058823529411766,,0.7058823529411766,,0.7824652118266707,,,,,,,,,,,,,,,,,,0.0,,,,,,,1.0,replay,1.0,replay,12,16,9,12,16,9,0.8010868779951356
0,0,0,0,0,0,0,0.22408567974343896,0.22411673224996775,0.2240856797355275,0.22411673212923544,0.8023330951941368,0.0,0.3333333333333333,0.0,0.363013698630137,,0.7647058823529411,,0.7647058823529411,,0.7647058823529411,0.0,9.894058282163815e-07,0.0,0.375,,0.7647058823529411,,0.7647058823529411,,0.7647058823529411,,0.7838282740440512,,,,,,,,,,,,,,,,,,0.0,,,,,,,1.0,replay,1.0,replay,12,16,9,12,16,9,0.8023330951941371
2,0,2,0,2,0,0,0.2242289788555354,0.22429090680088848,0.22422897886483883,0.22429090679464658,0.9843550575146293,0.0,0.3333333333333333,0.0,0.3561643835616438,,0.7058823529411766,,0.7058823529411766,,0.7058823529411766,0.0,6.050151897028714e-08,0.0,0.3653846153846154,,0.7058823529411766,,0.7058823529411766,,0.7058823529411766,,0.9828902988690508,,,,,,,,,,,,,,,,,,0.0,,,,,,,1.0,replay,1.0,replay,12,16,9,12,16,9,0.9843550575146296
2,0,2,0,2,0,0,0.22456476860679686,0.2244598752586171,0.22456476858513774,0.22445987520943844,0.0,0.0,0.0,0.0,0.0410958904109589,,0.7058823529411766,,0.7058823529411766,,0.7058823529411766,0.0,0.9484534120255709,0.0,0.05769230769230771,,0.7058823529411766,,0.7058823529411766,,0.7058823529411766,,,,,,,,,,,,,,,,,,,,0.0,,,,,,,1.0,replay,1.0,replay,12,16,9,12,16,9,0.0
1,0,1,0,1,0,0,0.22449328866787255,0.22438838565722108,0.22449328858170192,0.22438838553687934,0.0,0.0,0.0,0.0,0.0410958904109589,,0.7058823529411766,,0.7058823529411766,,0.7058823529411766,0.0,0.9484534120255709,0.0,0.05769230769230771,,0.7058823529411766,,0.7058823529411766,,0.7058823529411766,,,,,,,,,,,,,,,,,,,,0.0,,,,,,,1.0,replay,1.0,replay,12,16,9,12,16,9,0.0
0,0,0,0,0,0,0,0.22449339472223073,0.22438849171157926,0.22449339470627705,0.22438849167580988,0.0,0.0,0.0,0.0,0.04452054794520549,,0.7647058823529411,,0.7647058823529411,,0.7647058823529411,0.0,0.9587627296204567,0.0,0.0625,,0.7647058823529411,,0.7647058823529411,,0.7647058823529411,,,,,,,,,,,,,,,,,,,,0.0,,,,,,,1.0,replay,1.0,replay,12,16,9,12,16,9,0.0
2,0,2,0,2,0,0,0.22490850649774075,0.2248036595992744,0.2249085064238503,0.22480365954568016,0.0,0.0,0.0,0.0,0.0410958904109589,,0.7058823529411766,,0.7058823529411766,,0.7058823529411766,0.0,0.9484534120255709,0.0,0.05769230769230771,,0.7058823529411766,,0.7058823529411766,,0.7058823529411766,,,,,,,,,,,,,,,,,,,,0.0,,,,,,,1.0,replay,1.0,replay,12,16,9,12,16,9,0.0
1,0,1,0,1,0,0,0.22496993897948414,0.22486510046292096,0.22496993894708628,0.2248651003789135,0.0,0.0,0.0,0.0,0.0410958904109589,,0.7058823529411766,,0.7058823529411766,,0.7058823529411766,0.0,0.9484534120255709,0.0,0.05769230769230771,,0.7058823529411766,,0.7058823529411766,,0.7058823529411766,,,,,,,,,,,,,,,,,,,,0.0,,,,,,,1.0,replay,1.0,replay,12,16,9,12,16,9,0.0
0,0,0,0,0,0,0,0.2249702023109421,0.22486536379437894,0.22497020221766673,0.22486536368510657,0.0,0.0,0.0,0.0,0.04452054794520549,,0.7647058823529411,,0.7647058823529411,,0.7647058823529411,0.0,0.9587627296204567,0.0,0.0625,,0.7647058823529411,,0.7647058823529411,,0.7647058823529411,,,,,,,,,,,,,,,,,,,,0.0,,,,,,,1.0,replay,1.0,replay,12,16,9,12,16,9,0.0
2,0,2,0,2,0,0,0.2254177435534075,0.22531296557281166,0.2254177434964877,0.22531296550298174,0.0,0.0,0.0,0.0,0.0410958904109589,,0.7058823529411766,,0.7058823529411766,,0.7058823529411766,0.0,0.9484534120255709,0.0,0.05769230769230771,,0.7058823529411766,,0.7058823529411766,,0.7058823529411766,,,,,,,,,,,,,,,,,,,,0.0,,,,,,,1.0,replay,1.0,replay,12,16,9,12,16,9,0.0
1,0,1,0,1,0,0,0.22585420473478734,0.22574948577675968,0.22585420462135963,0.22574948566809194,0.0,0.0,0.0,0.0,0.0410958904109589,,0.7058823529411766,,0.7058823529411766,,0.7058823529411766,0.0,0.9484534120255709,0.0,0.05769230769230771,,0.7058823529411766,,0.7058823529411766,,0.7058823529411766,,,,,,,,,,,,,,,,,,,,0.0,,,,,,,1.0,replay,1.0,replay,12,16,9,12,16,9,0.0
0,0,0,0,0,0,0,0.22585444210562855,0.2257497231476009,0.2258544420410824,0.22574972311993036,0.0,0.0,0.0,0.0,0.04452054794520549,,0.7647058823529411,,0.7647058823529411,,0.7647058823529411,0.0,0.9587627296204567,0.0,0.0625,,0.7647058823529411,,0.7647058823529411,,0.7647058823529411,,,,,,,,,,,,,,,,,,,,0.0,,,,,,,1.0,replay,1.0,replay,12,16,9,12,16,9,0.0
3,0,3,0,3,0,0,0.07233484170865268,0.07220935611985624,0.0723348416496048,0.07220935608222812,0.0,0.0,0.0,0.0,0.05821917808219179,,1.0,,1.0,,1.0,0.0,0.9999999999999999,0.0,0.08173076923076927,,1.0,,1.0,,1.0,,,,,,,,,,,,,,,,,,,,0.0,,,,,,,1.0,replay,1.0,replay,12,16,9,12,16,9,0.0
2,0,2,0,2,0,0,0.22643579449504614,0.22633115423377603,0.22643579450403406,0.22633115422261874,0.0,0.0,0.0,0.0,0.0410958904109589,,0.7058823529411766,,0.7058823529411766,,0.7058823529411766,0.0,0.9484534120255709,0.0,0.05769230769230771,,0.7058823529411766,,0.7058823529411766,,0.7058823529411766,,,,,,,,,,,,,,,,,,,,0.0,,,,,,,1.0,replay,1.0,replay,12,16,9,12,16,9,0.0
3,0,3,0,3,0,0,0.2282863442087546,0.22818195435684174,0.22828634416237592,0.22818195420541398,0.0,0.0,0.0,0.0,0.05821917808219179,,1.0,,1.0,,1.0,0.0,0.9999999999999999,0.0,0.08173076923076927,,1.0,,1.0,,1.0,,,,,,,,,,,,,,,,,,,,0.0,,,,,,,1.0,replay,1.0,replay,12,16,9,12,16,9,0.0
0,0,0,0,0,0,0,0.22762314521241933,0.22751866560429335,0.22762314516177762,0.2275186654936716,0.0,0.0,0.0,0.0,0.04452054794520549,,0.7647058823529411,,0.7647058823529411,,0.7647058823529411,0.0,0.9587627296204567,0.0,0.0625,,0.7647058823529411,,0.7647058823529411,,0.7647058823529411,,,,,,,,,,,,,,,,,,,,0.0,,,,,,,1.0,replay,1.0,replay,12,16,9,12,16,9,0.0
1,0,1,0,1,0,0,0.22762293403502554,0.22751845431048423,0.22762293393305622,0.22751845423637707,0.0,0.0,0.0,0.0,0.0410958904109589,,0.7058823529411766,,0.7058823529411766,,0.7058823529411766,0.0,0.9484534120255709,0.0,0.05769230769230771,,0.7058823529411766,,0.7058823529411766,,0.7058823529411766,,,,,,,,,,,,,,,,,,,,0.0,,,,,,,1.0,replay,1.0,replay,12,16,9,12,16,9,0.0
2,0,2,0,2,0,0,0.22830962191801518,0.2282052350929007,0.22830962183959724,0.22820523503141454,0.0,0.0,0.0,0.0,0.0410958904109589,,0.7058823529411766,,0.7058823529411766,,0.7058823529411766,0.0,0.9484534120255709,0.0,0.05769230769230771,,0.7058823529411766,,0.7058823529411766,,0.7058823529411766,,,,,,,,,,,,,,,,,,,,0.0,,,,,,,1.0,replay,1.0,replay,12,16,9,12,16,9,0.0
1,0,1,0,1,0,0,0.3244280209764838,0.3244723123498261,0.32442802091360656,0.3244723122427391,0.8003604196601297,0.0,0.6666666666666667,0.0,0.6712328767123288,,0.7058823529411766,,0.7058823529411766,,0.7058823529411766,0.0,3.327649265265439e-06,0.0,0.6730769230769231,,0.7058823529411766,,0.7058823529411766,,0.7058823529411766,,0.34402617707355515,,,,,,,,,,,,,,,,,,0.0,,,,,,,1.0,replay,1.0,replay,12,16,9,12,16,9,0.8003604196601299
0,0,0,0,0,0,0,0.3244277852354571,0.32447221607435495,0.3244277851945985,0.3244722159692859,0.801183203962208,0.0,0.6666666666666667,0.0,0.6746575342465753,,0.7647058823529411,,0.7058823529411766,,0.7254705882352939,0.0,3.3461428923659646e-06,0.0,0.6778846153846154,,0.7647058823529411,,0.7058823529411766,,0.7254705882352943,,0.3444761707422488,,,,,,,,,,,,,,,,,,0.0,,,,,,,1.0,replay,1.0,replay,12,16,9,12,16,9,0.8011832039622081
2,0,2,0,2,0,0,0.32456581795122474,0.3244912523077801,0.32456581789187355,0.3244912522586312,0.09910737937179413,0.0,0.3333333333333333,0.0,0.31506849315068486,,0.7058823529411766,,0.0,,0.35294117647058787,0.0,3.209751651517385e-05,0.0,0.3076923076923077,,0.7058823529411766,,0.0,,0.3529411764705883,,0.014767641059933917,,,,,,,,,,,,,,,,,,0.0,,,,,,,1.0,replay,1.0,replay,12,16,9,12,16,9,0.09910737937179416
2,0,2,0,2,0,0,0.32473946502432227,0.32464812230318785,0.3247394649080759,0.32464812219609596,0.0,0.0,0.0,0.0,0.0410958904109589,,0.7058823529411766,,0.7058823529411766,,0.7058823529411766,0.0,0.9484534120255709,0.0,0.05769230769230771,,0.7058823529411766,,0.7058823529411766,,0.7058823529411766,,,,,,,,,,,,,,,,,,,,0.0,,,,,,,1.0,replay,1.0,replay,12,16,9,12,16,9,0.0
1,0,1,0,1,0,0,0.324631612515077,0.3246515279170126,0.32463161240725835,0.3246515278269735,0.6564032686611492,0.0,0.3333333333333333,0.0,0.3595890410958904,,0.7647058823529411,,0.7058823529411766,,0.7352941176470589,0.0,2.024144303226874e-06,0.0,0.3701923076923077,,0.7647058823529411,,0.7058823529411766,,0.7352941176470589,,0.6242364496964635,,,,,,,,,,,,,,,,,,0.0,,,,,,,1.0,replay,1.0,replay,12,16,9,12,16,9,0.6564032686611494
0,0,0,0,0,0,0,0.32463177433237433,0.32465048658195883,0.3246317743152638,0.3246504865088118,0.6493052489624889,0.0,0.3333333333333333,0.0,0.363013698630137,,0.7647058823529411,,0.7647058823529411,,0.7647058823529411,0.0,2.119746471278349e-06,0.0,0.375,,0.7647058823529411,,0.7647058823529411,,0.7647058823529411,,0.6164740589114965,,,,,,,,,,,,,,,,,,0.0,,,,,,,1.0,replay,1.0,replay,12,16,9,12,16,9,0.6493052489624891
3,0,3,0,3,0,0,0.2350976486923173,0.2349941801512614,0.23509764864503668,0.23499418005544515,0.0,0.0,0.0,0.0,0.05821917808219179,,1.0,,1.0,,1.0,0.0,0.9999999999999999,0.0,0.08173076923076927,,1.0,,1.0,,1.0,,,,,,,,,,,,,,,,,,,,0.0,,,,,,,1.0,replay,1.0,replay,12,16,9,12,16,9,0.0
2,0,2,0,2,0,0,0.32491304841823876,0.324986788444221,0.3249130483175622,0.32498678839063855,0.9736929770342839,0.0,0.3333333333333333,0.0,0.3561643835616438,,0.7058823529411766,,0.7058823529411766,,0.7058823529411766,0.0,1.0284832965597956e-07,0.0,0.3653846153846154,,0.7058823529411766,,0.7058823529411766,,0.7058823529411766,,0.9712302303653634,,,,,,,,,,,,,,,,,,0.0,,,,,,,1.0,replay,1.0,replay,12,16,9,12,16,9,0.973692977034284
0,0,0,0,0,0,0,0.32497212162707,0.3248808104544878,0.3249721216098609,0.3248808103694283,0.0,0.0,0.0,0.0,0.04452054794520549,,0.7647058823529411,,0.7647058823529411,,0.7647058823529411,0.0,0.9587627296204567,0.0,0.0625,,0.7647058823529411,,0.7647058823529411,,0.7647058823529411,,,,,,,,,,,,,,,,,,,,0.0,,,,,,,1.0,replay,1.0,replay,12,16,9,12,16,9,0.0
1,0,1,0,1,0,0,0.3249719046289101,0.3248805934563279,0.3249719045987103,0.3248805933289227,0.0,0.0,0.0,0.0,0.0410958904109589,,0.7058823529411766,,0.7058823529411766,,0.7058823529411766,0.0,0.9484534120255709,0.0,0.05769230769230771,,0.7058823529411766,,0.7058823529411766,,0.7058823529411766,,,,,,,,,,,,,,,,,,,,0.0,,,,,,,1.0,replay,1.0,replay,12,16,9,12,16,9,0.0
2,0,2,0,2,0,0,0.3254180095391348,0.325326758553274,0.32541800945419674,0.32532675852915793,0.0,0.0,0.0,0.0,0.0410958904109589,,0.7058823529411766,,0.7058823529411766,,0.7058823529411766,0.0,0.9484534120255709,0.0,0.05769230769230771,,0.7058823529411766,,0.7058823529411766,,0.7058823529411766,,,,,,,,,,,,,,,,,,,,0.0,,,,,,,1.0,replay,1.0,replay,12,16,9,12,16,9,0.0
1,0,1,0,1,0,0,0.32542337803170085,0.3253321278607473,0.32542337792909426,0.32533212773025055,0.0,0.0,0.0,0.0,0.04452054794520549,,0.7647058823529411,,0.7647058823529411,,0.7647058823529411,0.0,0.9587627296204567,0.0,0.0625,,0.7647058823529411,,0.7647058823529411,,0.7647058823529411,,,,,,,,,,,,,,,,,,,,0.0,,,,,,,1.0,replay,1.0,replay,12,16,9,12,16,9,0.0
0,0,0,0,0,0,0,0.325418263557367,0.3253270126879215,0.32541826354091974,0.3253270126502512,0.0,0.0,0.0,0.0,0.04452054794520549,,0.7647058823529411,,0.7647058823529411,,0.7647058823529411,0.0,0.9587627296204567,0.0,0.0625,,0.7647058823529411,,0.7647058823529411,,0.7647058823529411,,,,,,,,,,,,,,,,,,,,0.0,,,,,,,1.0,replay,1.0,replay,12,16,9,12,16,9,0.0
2,0,2,0,2,0,0,0.3259440694237128,0.3258528896840289,0.32594406931283615,0.3258528895480852,0.0,0.0,0.0,0.0,0.0410958904109589,,0.7058823529411766,,0.7058823529411766,,0.7058823529411766,0.0,0.9484534120255709,0.0,0.05769230769230771,,0.7058823529411766,,0.7058823529411766,,0.7058823529411766,,,,,,,,,,,,,,,,,,,,0.0,,,,,,,1.0,replay,1.0,replay,12,16,9,12,16,9,0.0
1,0,1,0,1,0,0,0.32633247098419815,0.32624134386423975,0.3263324709714992,0.3262413437459668,0.0,0.0,0.0,0.0,0.0410958904109589,,0.7058823529411766,,0.7058823529411766,,0.7058823529411766,0.0,0.9484534120255709,0.0,0.05769230769230771,,0.7058823529411766,,0.7058823529411766,,0.7058823529411766,,,,,,,,,,,,,,,,,,,,0.0,,,,,,,1.0,replay,1.0,replay,12,16,9,12,16,9,0.0
0,0,0,0,0,0,0,0.3263327907770872,0.3262416636571288,0.3263327907057958,0.32624166352351414,0.0,0.0,0.0,0.0,0.04452054794520549,,0.7647058823529411,,0.7647058823529411,,0.7647058823529411,0.0,0.9587627296204567,0.0,0.0625,,0.7647058823529411,,0.7647058823529411,,0.7647058823529411,,,,,,,,,,,,,,,,,,,,0.0,,,,,,,1.0,replay,1.0,replay,12,16,9,12,16,9,0.0
2,0,2,0,2,0,0,0.32695103238802403,0.3268599888542667,0.3269510323431475,0.32685998879061295,0.0,0.0,0.0,0.0,0.0410958904109589,,0.7058823529411766,,0.7058823529411766,,0.7058823529411766,0.0,0.9484534120255709,0.0,0.05769230769230771,,0.7058823529411766,,0.7058823529411766,,0.7058823529411766,,,,,,,,,,,,,,,,,,,,0.0,,,,,,,1.0,replay,1.0,replay,12,16,9,12,16,9,0.0
1,0,1,0,1,0,0,0.3281010676873848,0.3280101796844974,0.32810106762747693,0.32801017964058876,0.0,0.0,0.0,0.0,0.0410958904109589,,0.7058823529411766,,0.7058823529411766,,0.7058823529411766,0.0,0.9484534120255709,0.0,0.05769230769230771,,0.7058823529411766,,0.7058823529411766,,0.7058823529411766,,,,,,,,,,,,,,,,,,,,0.0,,,,,,,1.0,replay,1.0,replay,12,16,9,12,16,9,0.0
0,0,0,0,0,0,0,0.328101345221512,0.32801045733504,0.32810134518405754,0.3280104572347149,0.0,0.0,0.0,0.0,0.04452054794520549,,0.7647058823529411,,0.7647058823529411,,0.7647058823529411,0.0,0.9587627296204567,0.0,0.0625,,0.7647058823529411,,0.7647058823529411,,0.7647058823529411,,,,,,,,,,,,,,,,,,,,0.0,,,,,,,1.0,replay,1.0,replay,12,16,9,12,16,9,0.0
2,0,2,0,2,0,0,0.3288188704755157,0.3287280796794221,0.32881887044307834,0.3287280795536105,0.0,0.0,0.0,0.0,0.0410958904109589,,0.7058823529411766,,0.7058823529411766,,0.7058823529411766,0.0,0.9484534120255709,0.0,0.05769230769230771,,0.7058823529411766,,0.7058823529411766,,0.7058823529411766,,,,,,,,,,,,,,,,,,,,0.0,,,,,,,1.0,replay,1.0,replay,12,16,9,12,16,9,0.0
1,0,1,0,1,0,0,0.41987227729987353,0.41990200232248753,0.41987227723035936,0.41990200227921926,0.6382719121507179,0.0,0.6666666666666667,0.0,0.6780821917808219,,0.7647058823529411,,0.7058823529411766,,0.745117647058823,0.0,5.204232439762616e-06,0.0,0.6826923076923077,,0.7647058823529411,,0.7058823529411766,,0.7451176470588239,,0.25539469153980504,,,,,,,,,,,,,,,,,,0.0,,,,,,,1.0,replay,1.0,replay,12,16,9,12,16,9,0.6382719121507181
2,0,2,0,2,0,0,0.4199774940498173,0.41989903419744223,0.41997749396408723,0.4198990341312412,0.0,0.0,0.0,0.0,0.0410958904109589,,0.7058823529411766,,0.7058823529411766,,0.7058823529411766,0.0,0.9484534120255709,0.0,0.05769230769230771,,0.7058823529411766,,0.7058823529411766,,0.7058823529411766,,,,,,,,,,,,,,,,,,,,0.0,,,,,,,1.0,replay,1.0,replay,12,16,9,12,16,9,0.0
0,0,0,0,0,0,0,0.4199396742042154,0.41999749338719994,0.4199396741587986,0.4199974932978263,0.8039465551426025,0.0,1.0,0.0,0.9931506849315068,,0.7647058823529411,,0.7058823529411766,,0.7352941176470589,0.0,5.714803970978734e-06,0.0,0.9903846153846154,,0.7647058823529411,,0.7058823529411766,,0.7352941176470589,,0.19945201933786744,,,,,,,,,,,,,,,,,,0.0,,,,,,,1.0,replay,1.0,replay,12,16,9,12,16,9,0.8039465551426026
1,0,1,0,1,0,0,0.4200756929349154,0.4201331273652613,0.4200756928701479,0.420133127284648,0.8015685078304982,0.0,0.3333333333333333,0.0,0.3561643835616438,,0.7058823529411766,,0.7058823529411766,,0.7058823529411766,0.0,9.423605460368196e-07,0.0,0.3653846153846154,,0.7058823529411766,,0.7058823529411766,,0.7058823529411766,,0.782992123017804,,,,,,,,,,,,,,,,,,0.0,,,,,,,1.0,replay,1.0,replay,12,16,9,12,16,9,0.8015685078304985
0,0,0,0,0,0,0,0.4202118293615058,0.42013340117409825,0.42021182927092915,0.42013340113669617,0.0,0.0,0.0,0.0,0.04452054794520549,,0.7647058823529411,,0.7647058823529411,,0.7647058823529411,0.0,0.9587627296204567,0.0,0.0625,,0.7647058823529411,,0.7647058823529411,,0.7647058823529411,,,,,,,,,,,,,,,,,,,,0.0,,,,,,,1.0,replay,1.0,replay,12,16,9,12,16,9,0.0
2,0,2,0,2,0,0,0.4201525757089257,0.4202430216828361,0.4201525757029103,0.4202430215602444,0.9962432872841694,0.0,0.3333333333333333,0.0,0.3561643835616438,,0.7058823529411766,,0.7058823529411766,,0.7058823529411766,0.0,1.4353147421479571e-08,0.0,0.3653846153846154,,0.7058823529411766,,0.7058823529411766,,0.7058823529411766,,0.9958919764035875,,,,,,,,,,,,,,,,,,0.0,,,,,,,1.0,replay,1.0,replay,12,16,9,12,16,9,0.9962432872841697
1,0,1,0,1,0,0,0.42048403818625957,0.42040564690250903,0.4204840381256332,0.4204056468131805,0.0,0.0,0.0,0.0,0.0410958904109589,,0.7058823529411766,,0.7058823529411766,,0.7058823529411766,0.0,0.9484534120255709,0.0,0.05769230769230771,,0.7058823529411766,,0.7058823529411766,,0.7058823529411766,,,,,,,,,,,,,,,,,,,,0.0,,,,,,,1.0,replay,1.0,replay,12,16,9,12,16,9,0.0
0,0,0,0,0,0,0,0.42048435553442687,0.42040596436709166,0.4204843554789295,0.42040596420940535,0.0,0.0,0.0,0.0,0.04452054794520549,,0.7647058823529411,,0.7647058823529411,,0.7647058823529411,0.0,0.9587627296204567,0.0,0.0625,,0.7647058823529411,,0.7647058823529411,,0.7647058823529411,,,,,,,,,,,,,,,,,,,,0.0,,,,,,,1.0,replay,1.0,replay,12,16,9,12,16,9,0.0
2,0,2,0,2,0,0,0.42049198562745005,0.420580146368593,0.4204919855637612,0.420580146358972,0.9824927554845596,0.0,0.3333333333333333,0.0,0.3561643835616438,,0.7058823529411766,,0.7058823529411766,,0.7058823529411766,0.0,6.7831443780251e-08,0.0,0.3653846153846154,,0.7058823529411766,,0.7058823529411766,,0.7058823529411766,,0.9808538158939853,,,,,,,,,,,,,,,,,,0.0,,,,,,,1.0,replay,1.0,replay,12,16,9,12,16,9,0.9824927554845598
2,0,2,0,2,0,0,0.42099858762230724,0.42092026595491916,0.42099858754959474,0.42092026584040965,0.0,0.0,0.0,0.0,0.0410958904109589,,0.7058823529411766,,0.7058823529411766,,0.7058823529411766,0.0,0.9484534120255709,0.0,0.05769230769230771,,0.7058823529411766,,0.7058823529411766,,0.7058823529411766,,,,,,,,,,,,,,,,,,,,0.0,,,,,,,1.0,replay,1.0,replay,12,16,9,12,16,9,0.0
3,0,3,0,3,0,0,0.32532758894376457,0.3252363258507103,0.3253275889352587,0.32523632577900674,0.0,0.0,0.0,0.0,0.05821917808219179,,1.0,,1.0,,1.0,0.0,0.9999999999999999,0.0,0.08173076923076927,,1.0,,1.0,,1.0,,,,,,,,,,,,,,,,,,,,0.0,,,,,,,1.0,replay,1.0,replay,12,16,9,12,16,9,0.0
1,0,1,0,1,0,0,0.42096010921522975,0.4208817824255675,0.420960109227712,0.420881782313552,0.0,0.0,0.0,0.0,0.0410958904109589,,0.7058823529411766,,0.7058823529411766,,0.7058823529411766,0.0,0.9484534120255709,0.0,0.05769230769230771,,0.7058823529411766,,0.7058823529411766,,0.7058823529411766,,,,,,,,,,,,,,,,,,,,0.0,,,,,,,1.0,replay,1.0,replay,12,16,9,12,16,9,0.0
0,0,0,0,0,0,0,0.42096038232557476,0.4208820555359125,0.4209603823624355,0.4208820554852224,0.0,0.0,0.0,0.0,0.04452054794520549,,0.7647058823529411,,0.7647058823529411,,0.7647058823529411,0.0,0.9587627296204567,0.0,0.0625,,0.7647058823529411,,0.7647058823529411,,0.7647058823529411,,,,,,,,,,,,,,,,,,,,0.0,,,,,,,1.0,replay,1.0,replay,12,16,9,12,16,9,0.0
2,0,2,0,2,0,0,0.4215107335476205,0.4214324811473489,0.42151073352404556,0.421432481093013,0.0,0.0,0.0,0.0,0.0410958904109589,,0.7058823529411766,,0.7058823529411766,,0.7058823529411766,0.0,0.9484534120255709,0.0,0.05769230769230771,,0.7058823529411766,,0.7058823529411766,,0.7058823529411766,,,,,,,,,,,,,,,,,,,,0.0,,,,,,,1.0,replay,1.0,replay,12,16,9,12,16,9,0.0
1,0,1,0,1,0,0,0.4218444089638069,0.4217662017326802,0.4218444089162723,0.4217662016216184,0.0,0.0,0.0,0.0,0.0410958904109589,,0.7058823529411766,,0.7058823529411766,,0.7058823529411766,0.0,0.9484534120255709,0.0,0.05769230769230771,,0.7058823529411766,,0.7058823529411766,,0.7058823529411766,,,,,,,,,,,,,,,,,,,,0.0,,,,,,,1.0,replay,1.0,replay,12,16,9,12,16,9,0.0
0,0,0,0,0,0,0,0.42184460221324116,0.4217663948656991,0.4218446021174218,0.4217663948489023,0.0,0.0,0.0,0.0,0.04452054794520549,,0.7647058823529411,,0.7647058823529411,,0.7647058823529411,0.0,0.9587627296204567,0.0,0.0625,,0.7647058823529411,,0.7647058823529411,,0.7647058823529411,,,,,,,,,,,,,,,,,,,,0.0,,,,,,,1.0,replay,1.0,replay,12,16,9,12,16,9,0.0
2,0,2,0,2,0,0,0.42252676957286894,0.4224486546590924,0.4225267695252375,0.42244865453372493,0.0,0.0,0.0,0.0,0.0410958904109589,,0.7058823529411766,,0.7058823529411766,,0.7058823529411766,0.0,0.9484534120255709,0.0,0.05769230769230771,,0.7058823529411766,,0.7058823529411766,,0.7058823529411766,,,,,,,,,,,,,,,,,,,,0.0,,,,,,,1.0,replay,1.0,replay,12,16,9,12,16,9,0.0
3,0,3,0,3,0,0,0.42169962369371206,0.42162139690481126,0.4216996237027675,0.42162139682297073,0.0,0.0,0.0,0.0,0.05821917808219179,,1.0,,1.0,,1.0,0.0,0.9999999999999999,0.0,0.08173076923076927,,1.0,,1.0,,1.0,,,,,,,,,,,,,,,,,,,,0.0,,,,,,,1.0,replay,1.0,replay,12,16,9,12,16,9,0.0
1,0,1,0,1,0,0,0.42361323384102434,0.42353526584338397,0.4236132338081151,0.42353526578297895,0.0,0.0,0.0,0.0,0.0410958904109589,,0.7058823529411766,,0.7058823529411766,,0.7058823529411766,0.0,0.9484534120255709,0.0,0.05769230769230771,,0.7058823529411766,,0.7058823529411766,,0.7058823529411766,,,,,,,,,,,,,,,,,,,,0.0,,,,,,,1.0,replay,1.0,replay,12,16,9,12,16,9,0.0
0,0,0,0,0,0,0,0.4236134097445756,0.42353544174693525,0.4236134096619779,0.42353544166062984,0.0,0.0,0.0,0.0,0.04452054794520549,,0.7647058823529411,,0.7647058823529411,,0.7647058823529411,0.0,0.9587627296204567,0.0,0.0625,,0.7647058823529411,,0.7647058823529411,,0.7647058823529411,,,,,,,,,,,,,,,,,,,,0.0,,,,,,,1.0,replay,1.0,replay,12,16,9,12,16,9,0.0
2,0,2,0,2,0,0,0.42440075683407485,0.42432289535645396,0.4244007567279491,0.4243228952312943,0.0,0.0,0.0,0.0,0.0410958904109589,,0.7058823529411766,,0.7058823529411766,,0.7058823529411766,0.0,0.9484534120255709,0.0,0.05769230769230771,,0.7058823529411766,,0.7058823529411766,,0.7058823529411766,,,,,,,,,,,,,,,,,,,,0.0,,,,,,,1.0,replay,1.0,replay,12,16,9,12,16,9,0.0
1,0,1,0,1,0,0,0.541506384848617,0.5415806813398376,0.5415063847566515,0.5415806812624413,0.8041412138677282,0.0,0.6666666666666667,0.0,0.6712328767123288,,0.7058823529411766,,0.7058823529411766,,0.7058823529411766,0.0,3.294101457146981e-06,0.0,0.6730769230769231,,0.7058823529411766,,0.7058823529411766,,0.7058823529411766,,0.34609379333151236,,,,,,,,,,,,,,,,,,0.0,,,,,,,1.0,replay,1.0,replay,12,16,9,12,16,9,0.8041412138677285
0,0,0,0,0,0,0,0.5415074079064652,0.5415809776168317,0.5415074079064008,0.5415809775669558,0.799852701542018,0.0,0.6666666666666667,0.0,0.6780821917808219,,0.7647058823529411,,0.7058823529411766,,0.745117647058823,0.0,3.3839033453866333e-06,0.0,0.6826923076923077,,0.7647058823529411,,0.7058823529411766,,0.7451176470588239,,0.3437488553940114,,,,,,,,,,,,,,,,,,0.0,,,,,,,1.0,replay,1.0,replay,12,16,9,12,16,9,0.7998527015420183
3,0,3,0,3,0,0,0.4247644192073494,0.42468660685699433,0.42476441911548357,0.42468660681155823,0.0,0.0,0.0,0.0,0.05821917808219179,,1.0,,1.0,,1.0,0.0,0.9999999999999999,0.0,0.08173076923076927,,1.0,,1.0,,1.0,,,,,,,,,,,,,,,,,,,,0.0,,,,,,,1.0,replay,1.0,replay,12,16,9,12,16,9,0.0
2,0,2,0,2,0,0,0.5415829196572304,0.5416873744688928,0.5415829196232593,0.5416873743606772,0.9819850373664478,0.0,0.3333333333333333,0.0,0.3561643835616438,,0.7058823529411766,,0.7058823529411766,,0.7058823529411766,0.0,6.98353173877567e-08,0.0,0.3653846153846154,,0.7058823529411766,,0.7058823529411766,,0.7058823529411766,,0.9802986492864459,,,,,,,,,,,,,,,,,,0.0,,,,,,,1.0,replay,1.0,replay,12,16,9,12,16,9,0.9819850373664482
0,0,0,0,0,0,0,0.5417110912967473,0.5417848034994677,0.5417110912386269,0.5417848034353336,0.8005309968934874,0.0,0.3333333333333333,0.0,0.363013698630137,,0.7647058823529411,,0.7647058823529411,,0.7647058823529411,0.0,1.000203549732325e-06,0.0,0.375,,0.7647058823529411,,0.7647058823529411,,0.7647058823529411,,0.7818571971254822,,,,,,,,,,,,,,,,,,0.0,,,,,,,1.0,replay,1.0,replay,12,16,9,12,16,9,0.8005309968934876
1,0,1,0,1,0,0,0.5417108831461519,0.5417725475272164,0.541710883071191,0.5417725474505553,0.7294604943127543,0.0,0.3333333333333333,0.0,0.31506849315068486,,0.7058823529411766,,0.0,,0.35294117647058787,0.0,1.0714718622657702e-06,0.0,0.3076923076923077,,0.7058823529411766,,0.0,,0.3529411764705883,,0.7041333488214875,,,,,,,,,,,,,,,,,,0.0,,,,,,,1.0,replay,1.0,replay,12,16,9,12,16,9,0.7294604943127544
2,0,2,0,2,0,0,0.541922117001377,0.5420257218647748,0.5419221168948174,0.5420257217982392,0.9767011567143211,0.0,0.3333333333333333,0.0,0.3561643835616438,,0.7058823529411766,,0.7058823529411766,,0.7058823529411766,0.0,9.080704670515322e-08,0.0,0.3653846153846154,,0.7058823529411766,,0.7058823529411766,,0.7058823529411766,,0.9745198933828952,,,,,,,,,,,,,,,,,,0.0,,,,,,,1.0,replay,1.0,replay,12,16,9,12,16,9,0.9767011567143213
0,0,0,0,0,0,0,0.5420878512086347,0.542025909293443,0.5420878511674645,0.5420259092423121,0.0,0.0,0.0,0.0,0.04452054794520549,,0.7647058823529411,,0.7647058823529411,,0.7647058823529411,0.0,0.9587627296204567,0.0,0.0625,,0.7647058823529411,,0.7647058823529411,,0.7647058823529411,,,,,,,,,,,,,,,,,,,,0.0,,,,,,,1.0,replay,1.0,replay,12,16,9,12,16,9,0.0
1,0,1,0,1,0,0,0.5420910873217508,0.5420291458722204,0.5420910872867177,0.5420291457993163,0.0,0.0,0.0,0.0,0.04452054794520549,,0.7647058823529411,,0.7647058823529411,,0.7647058823529411,0.0,0.9587627296204567,0.0,0.0625,,0.7647058823529411,,0.7647058823529411,,0.7647058823529411,,,,,,,,,,,,,,,,,,,,0.0,,,,,,,1.0,replay,1.0,replay,12,16,9,12,16,9,0.0
2,0,2,0,2,0,0,0.5422610020032153,0.5421990834875032,0.5422610019152216,0.542199083412227,0.0,0.0,0.0,0.0,0.0410958904109589,,0.7058823529411766,,0.7058823529411766,,0.7058823529411766,0.0,0.9484534120255709,0.0,0.05769230769230771,,0.7058823529411766,,0.7058823529411766,,0.7058823529411766,,,,,,,,,,,,,,,,,,,,0.0,,,,,,,1.0,replay,1.0,replay,12,16,9,12,16,9,0.0
2,0,2,0,2,0,0,0.542600107495673,0.5425382348475978,0.5426001073482052,0.5425382347161127,0.0,0.0,0.0,0.0,0.0410958904109589,,0.7058823529411766,,0.7058823529411766,,0.7058823529411766,0.0,0.9484534120255709,0.0,0.05769230769230771,,0.7058823529411766,,0.7058823529411766,,0.7058823529411766,,,,,,,,,,,,,,,,,,,,0.0,,,,,,,1.0,replay,1.0,replay,12,16,9,12,16,9,0.0
0,0,0,0,0,0,0,0.5425279011251405,0.5424660188145936,0.5425279011397446,0.542466018740295,0.0,0.0,0.0,0.0,0.0410958904109589,,0.7058823529411766,,0.7058823529411766,,0.7058823529411766,0.0,0.9484534120255709,0.0,0.05769230769230771,,0.7058823529411766,,0.7058823529411766,,0.7058823529411766,,,,,,,,,,,,,,,,,,,,0.0,,,,,,,1.0,replay,1.0,replay,12,16,9,12,16,9,0.0
1,0,1,0,1,0,0,0.5425281508360058,0.5424662685254589,0.5425281508046103,0.542466268438933,0.0,0.0,0.0,0.0,0.04452054794520549,,0.7647058823529411,,0.7647058823529411,,0.7647058823529411,0.0,0.9587627296204567,0.0,0.0625,,0.7647058823529411,,0.7647058823529411,,0.7647058823529411,,,,,,,,,,,,,,,,,,,,0.0,,,,,,,1.0,replay,1.0,replay,12,16,9,12,16,9,0.0
2,0,2,0,2,0,0,0.5431084968149662,0.5430466929683462,0.5431084967848137,0.5430466929227256,0.0,0.0,0.0,0.0,0.0410958904109589,,0.7058823529411766,,0.7058823529411766,,0.7058823529411766,0.0,0.9484534120255709,0.0,0.05769230769230771,,0.7058823529411766,,0.7058823529411766,,0.7058823529411766,,,,,,,,,,,,,,,,,,,,0.0,,,,,,,1.0,replay,1.0,replay,12,16,9,12,16,9,0.0
0,0,0,0,0,0,0,0.5434116886463016,0.5433499257778749,0.5434116885731446,0.5433499257239083,0.0,0.0,0.0,0.0,0.0410958904109589,,0.7058823529411766,,0.7058823529411766,,0.7058823529411766,0.0,0.9484534120255709,0.0,0.05769230769230771,,0.7058823529411766,,0.7058823529411766,,0.7058823529411766,,,,,,,,,,,,,,,,,,,,0.0,,,,,,,1.0,replay,1.0,replay,12,16,9,12,16,9,0.0
1,0,1,0,1,0,0,0.5434119185665622,0.5433501558145508,0.5434119185097239,0.543350155691591,0.0,0.0,0.0,0.0,0.04452054794520549,,0.7647058823529411,,0.7647058823529411,,0.7647058823529411,0.0,0.9587627296204567,0.0,0.0625,,0.7647058823529411,,0.7647058823529411,,0.7647058823529411,,,,,,,,,,,,,,,,,,,,0.0,,,,,,,1.0,replay,1.0,replay,12,16,9,12,16,9,0.0
2,0,2,0,2,0,0,0.5441285924753174,0.5440669265808538,0.5441285923911439,0.5440669265177198,0.0,0.0,0.0,0.0,0.0410958904109589,,0.7058823529411766,,0.7058823529411766,,0.7058823529411766,0.0,0.9484534120255709,0.0,0.05769230769230771,,0.7058823529411766,,0.7058823529411766,,0.7058823529411766,,,,,,,,,,,,,,,,,,,,0.0,,,,,,,1.0,replay,1.0,replay,12,16,9,12,16,9,0.0
1,0,1,0,1,0,0,0.5451547575648874,0.5450932305539027,0.5451547575068239,0.5450932304430884,0.0,0.0,0.0,0.0,0.04452054794520549,,0.7647058823529411,,0.7647058823529411,,0.7647058823529411,0.0,0.9587627296204567,0.0,0.0625,,0.7647058823529411,,0.7647058823529411,,0.7647058823529411,,,,,,,,,,,,,,,,,,,,0.0,,,,,,,1.0,replay,1.0,replay,12,16,9,12,16,9,0.0
0,0,0,0,0,0,0,0.5451541865477338,0.5450926594203338,0.5451541864069471,0.5450926592659588,0.0,0.0,0.0,0.0,0.04452054794520549,,0.7647058823529411,,0.7647058823529411,,0.7647058823529411,0.0,0.9587627296204567,0.0,0.0625,,0.7647058823529411,,0.7647058823529411,,0.7647058823529411,,,,,,,,,,,,,,,,,,,,0.0,,,,,,,1.0,replay,1.0,replay,12,16,9,12,16,9,0.0
2,0,2,0,2,0,0,0.5459980362793431,0.5459366233553737,0.5459980363055579,0.5459366233124194,0.0,0.0,0.0,0.0,0.0410958904109589,,0.7058823529411766,,0.7058823529411766,,0.7058823529411766,0.0,0.9484534120255709,0.0,0.05769230769230771,,0.7058823529411766,,0.7058823529411766,,0.7058823529411766,,,,,,,,,,,,,,,,,,,,0.0,,,,,,,1.0,replay,1.0,replay,12,16,9,12,16,9,0.0
1,0,1,0,1,0,0,0.7691981078824028,0.7692800612421706,0.7691981078229089,0.7692800612125528,0.667619223452162,0.0,0.6666666666666667,0.0,0.6746575342465753,,0.7647058823529411,,0.7058823529411766,,0.7254705882352939,0.0,4.777138030441686e-06,0.0,0.6778846153846154,,0.7647058823529411,,0.7058823529411766,,0.7254705882352943,,0.27144219831325617,,,,,,,,,,,,,,,,,,0.0,,,,,,,1.0,replay,1.0,replay,12,16,9,12,16,9,0.6676192234521621
2,0,2,0,2,0,0,0.769306137226522,0.769274931284599,0.7693061371980188,0.7692749311642431,0.0,0.0,0.0,0.0,0.0410958904109589,,0.7058823529411766,,0.7058823529411766,,0.7058823529411766,0.0,0.9484534120255709,0.0,0.05769230769230771,,0.7058823529411766,,0.7058823529411766,,0.7058823529411766,,,,,,,,,,,,,,,,,,,,0.0,,,,,,,1.0,replay,1.0,replay,12,16,9,12,16,9,0.0
0,0,0,0,0,0,0,0.7692663007183,0.7693715704372153,0.769266300685661,0.7693715703203201,0.8051084871204154,0.0,1.0,0.0,1.0,,0.7647058823529411,,0.7647058823529411,,0.7647058823529411,0.0,5.752452310170558e-06,0.0,1.0,,0.7647058823529411,,0.7647058823529411,,0.7647058823529411,,0.1998756761678121,,,,,,,,,,,,,,,,,,0.0,,,,,,,1.0,replay,1.0,replay,12,16,9,12,16,9,0.8051084871204155
0,0,0,0,0,0,0,0.7695383912650868,0.7695072166388854,0.7695383911706466,0.7695072165539412,0.0,0.0,0.0,0.0,0.04452054794520549,,0.7647058823529411,,0.7647058823529411,,0.7647058823529411,0.0,0.9587627296204567,0.0,0.0625,,0.7647058823529411,,0.7647058823529411,,0.7647058823529411,,,,,,,,,,,,,,,,,,,,0.0,,,,,,,1.0,replay,1.0,replay,12,16,9,12,16,9,0.0
1,0,1,0,1,0,0,0.7694025289965793,0.7695071316557005,0.7694025289250173,0.7695071315067212,0.8010648032943479,0.0,0.3333333333333333,0.0,0.3561643835616438,,0.7058823529411766,,0.7058823529411766,,0.7058823529411766,0.0,9.453463821452386e-07,0.0,0.3653846153846154,,0.7058823529411766,,0.7058823529411766,,0.7058823529411766,,0.78244114239788,,,,,,,,,,,,,,,,,,0.0,,,,,,,1.0,replay,1.0,replay,12,16,9,12,16,9,0.8010648032943481
2,0,2,0,2,0,0,0.769479404669255,0.7696132675046101,0.7694794046147797,0.7696132673755718,0.973610698604076,0.0,0.3333333333333333,0.0,0.3561643835616438,,0.7058823529411766,,0.7058823529411766,,0.7058823529411766,0.0,1.0317822781901609e-07,0.0,0.3653846153846154,,0.7058823529411766,,0.7058823529411766,,0.7058823529411766,,0.9711402316316246,,,,,,,,,,,,,,,,,,0.0,,,,,,,1.0,replay,1.0,replay,12,16,9,12,16,9,0.9736106986040762
1,0,1,0,1,0,0,0.7698119402630255,0.7697808026568964,0.7698119401882535,0.7697808025746122,0.0,0.0,0.0,0.0,0.04452054794520549,,0.7647058823529411,,0.7647058823529411,,0.7647058823529411,0.0,0.9587627296204567,0.0,0.0625,,0.7647058823529411,,0.7647058823529411,,0.7647058823529411,,,,,,,,,,,,,,,,,,,,0.0,,,,,,,1.0,replay,1.0,replay,12,16,9,12,16,9,0.0
0,0,0,0,0,0,0,0.7698107289616019,0.7697795912390575,0.7698107289394975,0.7697795911620109,0.0,0.0,0.0,0.0,0.0410958904109589,,0.7058823529411766,,0.7058823529411766,,0.7058823529411766,0.0,0.9484534120255709,0.0,0.05769230769230771,,0.7058823529411766,,0.7058823529411766,,0.7058823529411766,,,,,,,,,,,,,,,,,,,,0.0,,,,,,,1.0,replay,1.0,replay,12,16,9,12,16,9,0.0
2,0,2,0,2,0,0,0.7698122025467455,0.7699505838099867,0.7698122024384053,0.7699505837006388,0.9999999999999998,0.0,0.3333333333333333,0.0,0.3561643835616438,,0.7058823529411766,,0.7058823529411766,,0.7058823529411766,0.0,0.0,0.0,0.3653846153846154,,0.7058823529411766,,0.7058823529411766,,0.7058823529411766,,0.9999999999999999,,,,,,,,,,,,,,,,,,0.0,,,,,,,1.0,replay,1.0,replay,12,16,9,12,16,9,1.0
2,0,2,0,2,0,0,0.7703248229809105,0.7702937547583133,0.7703248229121582,0.7702937546763298,0.0,0.0,0.0,0.0,0.0410958904109589,,0.7058823529411766,,0.7058823529411766,,0.7058823529411766,0.0,0.9484534120255709,0.0,0.05769230769230771,,0.7058823529411766,,0.7058823529411766,,0.7058823529411766,,,,,,,,,,,,,,,,,,,,0.0,,,,,,,1.0,replay,1.0,replay,12,16,9,12,16,9,0.0
1,0,1,0,1,0,0,0.7702866195468232,0.7702555460855365,0.7702866194257136,0.770255546022087,0.0,0.0,0.0,0.0,0.0410958904109589,,0.7058823529411766,,0.7058823529411766,,0.7058823529411766,0.0,0.9484534120255709,0.0,0.05769230769230771,,0.7058823529411766,,0.7058823529411766,,0.7058823529411766,,,,,,,,,,,,,,,,,,,,0.0,,,,,,,1.0,replay,1.0,replay,12,16,9,12,16,9,0.0
0,0,0,0,0,0,0,0.7702867937041447,0.7702557203592733,0.770286793578862,0.7702557201987938,0.0,0.0,0.0,0.0,0.04452054794520549,,0.7647058823529411,,0.7647058823529411,,0.7647058823529411,0.0,0.9587627296204567,0.0,0.0625,,0.7647058823529411,,0.7647058823529411,,0.7647058823529411,,,,,,,,,,,,,,,,,,,,0.0,,,,,,,1.0,replay,1.0,replay,12,16,9,12,16,9,0.0
2,0,2,0,2,0,0,0.7708336100913584,0.7708026106702164,0.7708336099757804,0.7708026105637436,0.0,0.0,0.0,0.0,0.0410958904109589,,0.7058823529411766,,0.7058823529411766,,0.7058823529411766,0.0,0.9484534120255709,0.0,0.05769230769230771,,0.7058823529411766,,0.7058823529411766,,0.7058823529411766,,,,,,,,,,,,,,,,,,,,0.0,,,,,,,1.0,replay,1.0,replay,12,16,9,12,16,9,0.0
1,0,1,0,1,0,0,0.7711711032316089,0.771140149445273,0.7711711031315656,0.7711401493723378,0.0,0.0,0.0,0.0,0.0410958904109589,,0.7058823529411766,,0.7058823529411766,,0.7058823529411766,0.0,0.9484534120255709,0.0,0.05769230769230771,,0.7058823529411766,,0.7058823529411766,,0.7058823529411766,,,,,,,,,,,,,,,,,,,,0.0,,,,,,,1.0,replay,1.0,replay,12,16,9,12,16,9,0.0
0,0,0,0,0,0,0,0.7711716627236456,0.771140709053725,0.7711716626665848,0.7711407089830453,0.0,0.0,0.0,0.0,0.0410958904109589,,0.7058823529411766,,0.7058823529411766,,0.7058823529411766,0.0,0.9484534120255709,0.0,0.05769230769230771,,0.7058823529411766,,0.7058823529411766,,0.7058823529411766,,,,,,,,,,,,,,,,,,,,0.0,,,,,,,1.0,replay,1.0,replay,12,16,9,12,16,9,0.0
2,0,2,0,2,0,0,0.7718524736119434,0.7718216120265424,0.7718524735846397,0.7718216119946144,0.0,0.0,0.0,0.0,0.0410958904109589,,0.7058823529411766,,0.7058823529411766,,0.7058823529411766,0.0,0.9484534120255709,0.0,0.05769230769230771,,0.7058823529411766,,0.7058823529411766,,0.7058823529411766,,,,,,,,,,,,,,,,,,,,0.0,,,,,,,1.0,replay,1.0,replay,12,16,9,12,16,9,0.0
3,0,3,0,3,0,0,0.5418344889767468,0.5417725128354505,0.5418344889488313,0.5417725127512893,0.0,0.0,0.0,0.0,0.05821917808219179,,1.0,,1.0,,1.0,0.0,0.9999999999999999,0.0,0.08173076923076927,,1.0,,1.0,,1.0,,,,,,,,,,,,,,,,,,,,0.0,,,,,,,1.0,replay,1.0,replay,12,16,9,12,16,9,0.0
1,0,1,0,1,0,0,0.7729399215895683,0.772909207153134,0.7729399215606938,0.7729092070701096,0.0,0.0,0.0,0.0,0.0410958904109589,,0.7058823529411766,,0.7058823529411766,,0.7058823529411766,0.0,0.9484534120255709,0.0,0.05769230769230771,,0.7058823529411766,,0.7058823529411766,,0.7058823529411766,,,,,,,,,,,,,,,,,,,,0.0,,,,,,,1.0,replay,1.0,replay,12,16,9,12,16,9,0.0
0,0,0,0,0,0,0,0.7729400444077328,0.7729093299712986,0.7729400443522694,0.772909329878295,0.0,0.0,0.0,0.0,0.04452054794520549,,0.7647058823529411,,0.7647058823529411,,0.7647058823529411,0.0,0.9587627296204567,0.0,0.0625,,0.7647058823529411,,0.7647058823529411,,0.7647058823529411,,,,,,,,,,,,,,,,,,,,0.0,,,,,,,1.0,replay,1.0,replay,12,16,9,12,16,9,0.0
1,0,1,0,1,0,0,0.9947810486191884,0.9949162258999422,0.9947810485064543,0.9949162258824604,0.801582555367363,0.0,0.6666666666666667,0.0,0.6712328767123288,,0.7058823529411766,,0.7058823529411766,,0.7058823529411766,0.0,3.3167729352028342e-06,0.0,0.6730769230769231,,0.7058823529411766,,0.7058823529411766,,0.7058823529411766,,0.3446943653467201,,,,,,,,,,,,,,,,,,0.0,,,,,,,1.0,replay,1.0,replay,13,16,9,13,16,9,0.8015825553673632
2,0,2,0,2,0,0,0.7737225709715858,0.7736919623566791,0.7737225709135049,0.7736919622921528,0.0,0.0,0.0,0.0,0.0410958904109589,,0.7058823529411766,,0.7058823529411766,,0.7058823529411766,0.0,0.9484534120255709,0.0,0.05769230769230771,,0.7058823529411766,,0.7058823529411766,,0.7058823529411766,,,,,,,,,,,,,,,,,,,,0.0,,,,,,,1.0,replay,1.0,replay,13,16,9,13,16,9,0.0
0,0,0,0,0,0,0,0.9948496427386999,0.9949848087271675,0.9948496427377915,0.9949848086410402,0.8014601411175416,0.0,0.6666666666666667,0.0,0.6780821917808219,,0.7647058823529411,,0.7058823529411766,,0.745117647058823,0.0,3.369484476065486e-06,0.0,0.6826923076923077,,0.7647058823529411,,0.7058823529411766,,0.7451176470588239,,0.34462765116909394,,,,,,,,,,,,,,,,,,0.0,,,,,,,1.0,replay,1.0,replay,13,16,9,13,16,9,0.8014601411175418
2,0,2,0,2,0,0,0.9949915908509865,0.9950054248329252,0.9949915908196283,0.995005424767544,0.08560368286280773,0.0,0.3333333333333333,0.0,0.31506849315068486,,0.7058823529411766,,0.0,,0.35294117647058787,0.0,3.776104322910032e-05,0.0,0.3076923076923077,,0.7058823529411766,,0.0,,0.3529411764705883,,0.0,,,,,,,,,,,,,,,,,,0.0,,,,,,,1.0,replay,1.0,replay,13,16,9,13,16,9,0.08560368286280776
1,0,1,0,1,0,0,0.9949851465644315,0.9951203546952456,0.9949851464728374,0.995120354518942,0.8016006164861891,0.0,0.3333333333333333,0.0,0.3561643835616438,,0.7058823529411766,,0.7058823529411766,,0.7058823529411766,0.0,9.421698236613142e-07,0.0,0.3653846153846154,,0.7058823529411766,,0.7058823529411766,,0.7058823529411766,,0.7830271806640859,,,,,,,,,,,,,,,,,,0.0,,,,,,,1.0,replay,1.0,replay,13,16,9,13,16,9,0.8016006164861894
0,0,0,0,0,0,0,0.9950533404480666,0.995164230116643,0.9950533403560182,0.9951642300395467,0.6580909798758998,0.0,0.3333333333333333,0.0,0.363013698630137,,0.7647058823529411,,0.7647058823529411,,0.7647058823529411,0.0,2.0406263247316986e-06,0.0,0.375,,0.7647058823529411,,0.7647058823529411,,0.7647058823529411,,0.6260824702350116,,,,,,,,,,,,,,,,,,0.0,,,,,,,1.0,replay,1.0,replay,13,16,9,13,16,9,0.6580909798759002
2,0,2,0,2,0,0,0.9951646821573377,0.9953310611890629,0.9951646820423832,0.995331061047606,0.9853363783041812,0.0,0.3333333333333333,0.0,0.3561643835616438,,0.7058823529411766,,0.7058823529411766,,0.7058823529411766,0.0,5.664841151919771e-08,0.0,0.3653846153846154,,0.7058823529411766,,0.7058823529411766,,0.7058823529411766,,0.9839640046924919,,,,,,,,,,,,,,,,,,0.0,,,,,,,1.0,replay,1.0,replay,13,16,9,13,16,9,0.9853363783041815
2,0,2,0,2,0,0,0.9954998820321634,0.9954992732964456,0.9954998819549481,0.9954992732225179,0.0,0.0,0.0,0.0,0.0410958904109589,,0.7058823529411766,,0.7058823529411766,,0.7058823529411766,0.0,0.9484534120255709,0.0,0.05769230769230771,,0.7058823529411766,,0.7058823529411766,,0.7058823529411766,,,,,,,,,,,,,,,,,,,,0.0,,,,,,,1.0,replay,1.0,replay,13,16,9,13,16,9,0.0
0,0,0,0,0,0,0,0.9953938673716038,0.9953932443168014,0.9953938672460498,0.9953932441729754,0.0,0.0,0.0,0.0,0.0410958904109589,,0.7058823529411766,,0.7058823529411766,,0.7058823529411766,0.0,0.9484534120255709,0.0,0.05769230769230771,,0.7058823529411766,,0.7058823529411766,,0.7058823529411766,,,,,,,,,,,,,,,,,,,,0.0,,,,,,,1.0,replay,1.0,replay,13,16,9,13,16,9,0.0
1,0,1,0,1,0,0,0.9953934969380498,0.995392873766832,0.9953934968304659,0.9953928737072852,0.0,0.0,0.0,0.0,0.0410958904109589,,0.7058823529411766,,0.7058823529411766,,0.7058823529411766,0.0,0.9484534120255709,0.0,0.05769230769230771,,0.7058823529411766,,0.7058823529411766,,0.7058823529411766,,,,,,,,,,,,,,,,,,,,0.0,,,,,,,1.0,replay,1.0,replay,13,16,9,13,16,9,0.0
2,0,2,0,2,0,0,0.9958391059190035,0.9958385430509225,0.9958391057576497,0.9958385429121333,0.0,0.0,0.0,0.0,0.0410958904109589,,0.7058823529411766,,0.7058823529411766,,0.7058823529411766,0.0,0.9484534120255709,0.0,0.05769230769230771,,0.7058823529411766,,0.7058823529411766,,0.7058823529411766,,,,,,,,,,,,,,,,,,,,0.0,,,,,,,1.0,replay,1.0,replay,13,16,9,13,16,9,0.0
1,0,1,0,1,0,0,0.9958435801090673,0.9958430179394782,0.9958435799969447,0.9958430177566606,0.0,0.0,0.0,0.0,0.04452054794520549,,0.7647058823529411,,0.7647058823529411,,0.7647058823529411,0.0,0.9587627296204567,0.0,0.0625,,0.7647058823529411,,0.7647058823529411,,0.7647058823529411,,,,,,,,,,,,,,,,,,,,0.0,,,,,,,1.0,replay,1.0,replay,13,16,9,13,16,9,0.0
0,0,0,0,0,0,0,0.9958397824084386,0.9958392196567729,0.9958397823018157,0.9958392195478158,0.0,0.0,0.0,0.0,0.04452054794520549,,0.7647058823529411,,0.7647058823529411,,0.7647058823529411,0.0,0.9587627296204567,0.0,0.0625,,0.7647058823529411,,0.7647058823529411,,0.7647058823529411,,,,,,,,,,,,,,,,,,,,0.0,,,,,,,1.0,replay,1.0,replay,13,16,9,13,16,9,0.0
2,0,2,0,2,0,0,0.996358304633759,0.9963578120805323,0.9963583045944835,0.9963578119811627,0.0,0.0,0.0,0.0,0.0410958904109589,,0.7058823529411766,,0.7058823529411766,,0.7058823529411766,0.0,0.9484534120255709,0.0,0.05769230769230771,,0.7058823529411766,,0.7058823529411766,,0.7058823529411766,,,,,,,,,,,,,,,,,,,,0.0,,,,,,,1.0,replay,1.0,replay,13,16,9,13,16,9,0.0
0,0,0,0,0,0,0,0.9967540252255276,0.9967535861069337,0.9967540251072531,0.9967535860231747,0.0,0.0,0.0,0.0,0.04452054794520549,,0.7647058823529411,,0.7647058823529411,,0.7647058823529411,0.0,0.9587627296204567,0.0,0.0625,,0.7647058823529411,,0.7647058823529411,,0.7647058823529411,,,,,,,,,,,,,,,,,,,,0.0,,,,,,,1.0,replay,1.0,replay,13,16,9,13,16,9,0.0
1,0,1,0,1,0,0,0.9967539054341614,0.9967534664319828,0.9967539053769634,0.996753466276689,0.0,0.0,0.0,0.0,0.0410958904109589,,0.7058823529411766,,0.7058823529411766,,0.7058823529411766,0.0,0.9484534120255709,0.0,0.05769230769230771,,0.7058823529411766,,0.7058823529411766,,0.7058823529411766,,,,,,,,,,,,,,,,,,,,0.0,,,,,,,1.0,replay,1.0,replay,13,16,9,13,16,9,0.0
2,0,2,0,2,0,0,0.997372628073208,0.9973722726572305,0.9973726279763315,0.9973722725708642,0.0,0.0,0.0,0.0,0.0410958904109589,,0.7058823529411766,,0.7058823529411766,,0.7058823529411766,0.0,0.9484534120255709,0.0,0.05769230769230771,,0.7058823529411766,,0.7058823529411766,,0.7058823529411766,,,,,,,,,,,,,,,,,,,,0.0,,,,,,,1.0,replay,1.0,replay,13,16,9,13,16,9,0.0
3,0,3,0,3,0,0,0.7739129352848977,0.7738823525141925,0.7739129352714198,0.7738823524007163,0.0,0.0,0.0,0.0,0.05821917808219179,,1.0,,1.0,,1.0,0.0,0.9999999999999999,0.0,0.08173076923076927,,1.0,,1.0,,1.0,,,,,,,,,,,,,,,,,,,,0.0,,,,,,,1.0,replay,1.0,replay,13,16,9,13,16,9,0.0
0,0,0,0,0,0,0,0.9985226429998875,0.9985224431147799,0.9985226428520886,0.9985224430095074,0.0,0.0,0.0,0.0,0.0410958904109589,,0.7058823529411766,,0.7058823529411766,,0.7058823529411766,0.0,0.9484534120255709,0.0,0.05769230769230771,,0.7058823529411766,,0.7058823529411766,,0.7058823529411766,,,,,,,,,,,,,,,,,,,,0.0,,,,,,,1.0,replay,1.0,replay,13,16,9,13,16,9,0.0
1,0,1,0,1,0,0,0.9985227333381772,0.998522533569485,0.9985227333300919,0.9985225334997494,0.0,0.0,0.0,0.0,0.04452054794520549,,0.7647058823529411,,0.7647058823529411,,0.7647058823529411,0.0,0.9587627296204567,0.0,0.0625,,0.7647058823529411,,0.7647058823529411,,0.7647058823529411,,,,,,,,,,,,,,,,,,,,0.0,,,,,,,1.0,replay,1.0,replay,13,16,9,13,16,9,0.0
2,0,2,0,2,0,0,0.9992403610376641,0.9992402583593503,0.9992403609721159,0.9992402582154976,0.0,0.0,0.0,0.0,0.0410958904109589,,0.7058823529411766,,0.7058823529411766,,0.7058823529411766,0.0,0.9484534120255709,0.0,0.05769230769230771,,0.7058823529411766,,0.7058823529411766,,0.7058823529411766,,,,,,,,,,,,,,,,,,,,0.0,,,,,,,1.0,replay,1.0,replay,13,16,9,13,16,9,0.0
3,0,3,0,3,0,0,1.0,1.0,1.0000000000000002,0.9999999999999998,0.0,0.0,0.0,0.0,0.05821917808219179,,1.0,,1.0,,1.0,0.0,0.9999999999999999,0.0,0.08173076923076927,,1.0,,1.0,,1.0,,,,,,,,,,,,,,,,,,,,0.0,,,,,,,1.0,replay,1.0,replay,13,16,9,13,16,9,0.0
